station,valid,fx_valid,raw,is_tempo,end_valid,sknt,drct,gust,visibility,presentwx,skyc,skyl,ws_level,ws_drct,ws_sknt,product_id
KDFW,2026-07-13 23:20,2026-07-14 00:00,17012KT P6SM SCT045,false,2026-07-15 06:00,,,,,,,,,,,132320-KFWD-FTUS44-TAFDFW
KDFW,2026-07-13 23:20,2026-07-14 21:00,TEMPO 1421/1501 VCTS BKN040CB,true,2026-07-15 06:00,,,,,,,,,,,132320-KFWD-FTUS44-TAFDFW
KDFW,2026-07-14 05:20,2026-07-14 06:00,17012KT P6SM SCT045,false,2026-07-15 12:00,,,,,,,,,,,140520-KFWD-FTUS44-TAFDFW
KDFW,2026-07-14 05:20,2026-07-14 21:00,TEMPO 1421/1501 VCTS BKN040CB,true,2026-07-15 12:00,,,,,,,,,,,140520-KFWD-FTUS44-TAFDFW
KDFW,2026-07-14 11:20,2026-07-14 12:00,17012KT P6SM SCT045,false,2026-07-15 18:00,,,,,,,,,,,141120-KFWD-FTUS44-TAFDFW
KDFW,2026-07-14 11:20,2026-07-14 21:00,TEMPO 1421/1501 VCTS BKN040CB,true,2026-07-15 18:00,,,,,,,,,,,141120-KFWD-FTUS44-TAFDFW
KDFW,2026-07-14 17:20,2026-07-14 18:00,17012KT P6SM SCT045,false,2026-07-16 00:00,,,,,,,,,,,141720-KFWD-FTUS44-TAFDFW
KDFW,2026-07-14 17:20,2026-07-14 21:00,TEMPO 1421/1501 VCTS BKN040CB,true,2026-07-16 00:00,,,,,,,,,,,141720-KFWD-FTUS44-TAFDFW
KDFW,2026-07-14 23:20,2026-07-15 00:00,17012KT P6SM SCT045,false,2026-07-16 06:00,,,,,,,,,,,142320-KFWD-FTUS44-TAFDFW
KDFW,2026-07-14 23:20,2026-07-15 00:00,TEMPO 1500/1501 VCTS BKN040CB,true,2026-07-16 06:00,,,,,,,,,,,142320-KFWD-FTUS44-TAFDFW
KDFW,2026-07-14 23:20,2026-07-16 03:00,FM160300 16010KT P6SM BKN012,false,2026-07-16 06:00,,,,,,,,,,,142320-KFWD-FTUS44-TAFDFW
KDFW,2026-07-15 05:20,2026-07-15 06:00,17012KT P6SM SCT045,false,2026-07-16 12:00,,,,,,,,,,,150520-KFWD-FTUS44-TAFDFW
KDFW,2026-07-15 05:20,2026-07-16 03:00,FM160300 16010KT P6SM BKN012,false,2026-07-16 12:00,,,,,,,,,,,150520-KFWD-FTUS44-TAFDFW
KDFW,2026-07-15 11:20,2026-07-15 12:00,17012KT P6SM SCT045,false,2026-07-16 18:00,,,,,,,,,,,151120-KFWD-FTUS44-TAFDFW
KDFW,2026-07-15 11:20,2026-07-16 03:00,FM160300 16010KT P6SM BKN012,false,2026-07-16 18:00,,,,,,,,,,,151120-KFWD-FTUS44-TAFDFW
KDFW,2026-07-15 11:20,2026-07-16 15:00,FM161500 17012KT P6SM SCT045,false,2026-07-16 18:00,,,,,,,,,,,151120-KFWD-FTUS44-TAFDFW
KDFW,2026-07-15 17:20,2026-07-15 18:00,17012KT P6SM SCT045,false,2026-07-17 00:00,,,,,,,,,,,151720-KFWD-FTUS44-TAFDFW
KDFW,2026-07-15 17:20,2026-07-16 03:00,FM160300 16010KT P6SM BKN012,false,2026-07-17 00:00,,,,,,,,,,,151720-KFWD-FTUS44-TAFDFW
KDFW,2026-07-15 17:20,2026-07-16 15:00,FM161500 17012KT P6SM SCT045,false,2026-07-17 00:00,,,,,,,,,,,151720-KFWD-FTUS44-TAFDFW
KDFW,2026-07-15 21:50,2026-07-15 22:00,17012KT P6SM SCT045,false,2026-07-17 04:00,,,,,,,,,,,152150-KFWD-FTUS44-TAFDFW
KDFW,2026-07-15 21:50,2026-07-15 22:00,TEMPO 1522/1602 2SM TSRA BKN020CB,true,2026-07-17 04:00,,,,,,,,,,,152150-KFWD-FTUS44-TAFDFW
KDFW,2026-07-15 21:50,2026-07-16 03:00,FM160300 16010KT P6SM BKN012,false,2026-07-17 04:00,,,,,,,,,,,152150-KFWD-FTUS44-TAFDFW
KDFW,2026-07-15 21:50,2026-07-16 15:00,FM161500 17012KT P6SM SCT045,false,2026-07-17 04:00,,,,,,,,,,,152150-KFWD-FTUS44-TAFDFW
KDFW,2026-07-15 23:20,2026-07-16 00:00,17012KT P6SM SCT045,false,2026-07-17 06:00,,,,,,,,,,,152320-KFWD-FTUS44-TAFDFW
KDFW,2026-07-15 23:20,2026-07-16 03:00,FM160300 16010KT P6SM BKN012,false,2026-07-17 06:00,,,,,,,,,,,152320-KFWD-FTUS44-TAFDFW
KDFW,2026-07-15 23:20,2026-07-16 15:00,FM161500 17012KT P6SM SCT045,false,2026-07-17 06:00,,,,,,,,,,,152320-KFWD-FTUS44-TAFDFW
KDFW,2026-07-16 05:20,2026-07-16 06:00,16010KT P6SM BKN012,false,2026-07-17 12:00,,,,,,,,,,,160520-KFWD-FTUS44-TAFDFW
KDFW,2026-07-16 05:20,2026-07-16 15:00,FM161500 17012KT P6SM SCT045,false,2026-07-17 12:00,,,,,,,,,,,160520-KFWD-FTUS44-TAFDFW
KDFW,2026-07-16 11:20,2026-07-16 12:00,16010KT P6SM BKN012,false,2026-07-17 18:00,,,,,,,,,,,161120-KFWD-FTUS44-TAFDFW
KDFW,2026-07-16 11:20,2026-07-16 15:00,FM161500 17012KT P6SM SCT045,false,2026-07-17 18:00,,,,,,,,,,,161120-KFWD-FTUS44-TAFDFW
KDFW,2026-07-16 17:20,2026-07-16 18:00,17012KT P6SM SCT045,false,2026-07-18 00:00,,,,,,,,,,,161720-KFWD-FTUS44-TAFDFW
KDFW,2026-07-16 23:20,2026-07-17 00:00,17012KT P6SM SCT045,false,2026-07-18 06:00,,,,,,,,,,,162320-KFWD-FTUS44-TAFDFW
