station,valid,vsby,sknt,gust,skyc1,skyc2,skyc3,skyl1,skyl2,skyl3,wxcodes,metar
DFW,2026-07-13 23:53,10.00,12,M,SCT,M,M,4500,M,M,M,KDFW 132353Z 17012KT 10SM SCT045 24/19 A2990 RMK AO2
DFW,2026-07-14 00:53,10.00,12,M,SCT,M,M,4500,M,M,M,KDFW 140053Z 17012KT 10SM SCT045 24/19 A2990 RMK AO2
DFW,2026-07-14 01:53,10.00,12,M,SCT,M,M,4500,M,M,M,KDFW 140153Z 17012KT 10SM SCT045 24/19 A2990 RMK AO2
DFW,2026-07-14 02:53,10.00,12,M,SCT,M,M,4500,M,M,M,KDFW 140253Z 17012KT 10SM SCT045 24/19 A2990 RMK AO2
DFW,2026-07-14 03:53,10.00,12,M,SCT,M,M,4500,M,M,M,KDFW 140353Z 17012KT 10SM SCT045 24/19 A2990 RMK AO2
DFW,2026-07-14 04:53,10.00,12,M,SCT,M,M,4500,M,M,M,KDFW 140453Z 17012KT 10SM SCT045 24/19 A2990 RMK AO2
DFW,2026-07-14 05:53,10.00,12,M,SCT,M,M,4500,M,M,M,KDFW 140553Z 17012KT 10SM SCT045 24/19 A2990 RMK AO2
DFW,2026-07-14 06:53,10.00,12,M,SCT,M,M,4500,M,M,M,KDFW 140653Z 17012KT 10SM SCT045 24/19 A2990 RMK AO2
DFW,2026-07-14 07:53,10.00,12,M,SCT,M,M,4500,M,M,M,KDFW 140753Z 17012KT 10SM SCT045 24/19 A2990 RMK AO2
DFW,2026-07-14 08:53,10.00,12,M,SCT,M,M,4500,M,M,M,KDFW 140853Z 17012KT 10SM SCT045 24/19 A2990 RMK AO2
DFW,2026-07-14 09:53,10.00,12,M,SCT,M,M,4500,M,M,M,KDFW 140953Z 17012KT 10SM SCT045 24/19 A2990 RMK AO2
DFW,2026-07-14 10:53,10.00,12,M,SCT,M,M,4500,M,M,M,KDFW 141053Z 17012KT 10SM SCT045 24/19 A2990 RMK AO2
DFW,2026-07-14 11:53,10.00,12,M,SCT,M,M,4500,M,M,M,KDFW 141153Z 17012KT 10SM SCT045 24/19 A2990 RMK AO2
DFW,2026-07-14 12:53,10.00,12,M,SCT,M,M,4500,M,M,M,KDFW 141253Z 17012KT 10SM SCT045 24/19 A2990 RMK AO2
DFW,2026-07-14 13:53,10.00,12,M,SCT,M,M,4500,M,M,M,KDFW 141353Z 17012KT 10SM SCT045 24/19 A2990 RMK AO2
DFW,2026-07-14 14:53,10.00,12,M,SCT,M,M,4500,M,M,M,KDFW 141453Z 17012KT 10SM SCT045 24/19 A2990 RMK AO2
DFW,2026-07-14 15:53,10.00,12,M,SCT,M,M,4500,M,M,M,KDFW 141553Z 17012KT 10SM SCT045 24/19 A2990 RMK AO2
DFW,2026-07-14 16:53,10.00,12,M,SCT,M,M,4500,M,M,M,KDFW 141653Z 17012KT 10SM SCT045 24/19 A2990 RMK AO2
DFW,2026-07-14 17:53,10.00,12,M,SCT,M,M,4500,M,M,M,KDFW 141753Z 17012KT 10SM SCT045 24/19 A2990 RMK AO2
DFW,2026-07-14 18:53,10.00,12,M,SCT,M,M,4500,M,M,M,KDFW 141853Z 17012KT 10SM SCT045 24/19 A2990 RMK AO2
DFW,2026-07-14 19:53,10.00,12,M,SCT,M,M,4500,M,M,M,KDFW 141953Z 17012KT 10SM SCT045 24/19 A2990 RMK AO2
DFW,2026-07-14 20:53,10.00,12,M,SCT,M,M,4500,M,M,M,KDFW 142053Z 17012KT 10SM SCT045 24/19 A2990 RMK AO2
DFW,2026-07-14 21:53,10.00,12,M,SCT,M,M,4500,M,M,M,KDFW 142153Z 17012KT 10SM SCT045 24/19 A2990 RMK AO2
DFW,2026-07-14 22:53,10.00,12,M,SCT,M,M,4500,M,M,M,KDFW 142253Z 17012KT 10SM SCT045 24/19 A2990 RMK AO2
DFW,2026-07-14 23:53,10.00,12,M,SCT,M,M,4500,M,M,M,KDFW 142353Z 17012KT 10SM SCT045 24/19 A2990 RMK AO2
DFW,2026-07-15 00:53,10.00,12,M,SCT,M,M,4500,M,M,M,KDFW 150053Z 17012KT 10SM SCT045 24/19 A2990 RMK AO2
DFW,2026-07-15 01:53,10.00,12,M,SCT,M,M,4500,M,M,M,KDFW 150153Z 17012KT 10SM SCT045 24/19 A2990 RMK AO2
DFW,2026-07-15 02:53,10.00,12,M,SCT,M,M,4500,M,M,M,KDFW 150253Z 17012KT 10SM SCT045 24/19 A2990 RMK AO2
DFW,2026-07-15 03:53,10.00,12,M,SCT,M,M,4500,M,M,M,KDFW 150353Z 17012KT 10SM SCT045 24/19 A2990 RMK AO2
DFW,2026-07-15 04:53,10.00,12,M,SCT,M,M,4500,M,M,M,KDFW 150453Z 17012KT 10SM SCT045 24/19 A2990 RMK AO2
DFW,2026-07-15 05:53,10.00,12,M,SCT,M,M,4500,M,M,M,KDFW 150553Z 17012KT 10SM SCT045 24/19 A2990 RMK AO2
DFW,2026-07-15 06:53,10.00,12,M,SCT,M,M,4500,M,M,M,KDFW 150653Z 17012KT 10SM SCT045 24/19 A2990 RMK AO2
DFW,2026-07-15 07:53,10.00,12,M,SCT,M,M,4500,M,M,M,KDFW 150753Z 17012KT 10SM SCT045 24/19 A2990 RMK AO2
DFW,2026-07-15 08:53,10.00,12,M,SCT,M,M,4500,M,M,M,KDFW 150853Z 17012KT 10SM SCT045 24/19 A2990 RMK AO2
DFW,2026-07-15 09:53,10.00,12,M,SCT,M,M,4500,M,M,M,KDFW 150953Z 17012KT 10SM SCT045 24/19 A2990 RMK AO2
DFW,2026-07-15 10:53,10.00,12,M,SCT,M,M,4500,M,M,M,KDFW 151053Z 17012KT 10SM SCT045 24/19 A2990 RMK AO2
DFW,2026-07-15 11:53,10.00,12,M,SCT,M,M,4500,M,M,M,KDFW 151153Z 17012KT 10SM SCT045 24/19 A2990 RMK AO2
DFW,2026-07-15 12:53,10.00,12,M,SCT,M,M,4500,M,M,M,KDFW 151253Z 17012KT 10SM SCT045 24/19 A2990 RMK AO2
DFW,2026-07-15 13:53,10.00,12,M,SCT,M,M,4500,M,M,M,KDFW 151353Z 17012KT 10SM SCT045 24/19 A2990 RMK AO2
DFW,2026-07-15 14:53,10.00,12,M,SCT,M,M,4500,M,M,M,KDFW 151453Z 17012KT 10SM SCT045 24/19 A2990 RMK AO2
DFW,2026-07-15 15:53,10.00,12,M,SCT,M,M,4500,M,M,M,KDFW 151553Z 17012KT 10SM SCT045 24/19 A2990 RMK AO2
DFW,2026-07-15 16:53,10.00,12,M,SCT,M,M,4500,M,M,M,KDFW 151653Z 17012KT 10SM SCT045 24/19 A2990 RMK AO2
DFW,2026-07-15 17:53,10.00,12,M,SCT,M,M,4500,M,M,M,KDFW 151753Z 17012KT 10SM SCT045 24/19 A2990 RMK AO2
DFW,2026-07-15 18:53,10.00,12,M,SCT,M,M,4500,M,M,M,KDFW 151853Z 17012KT 10SM SCT045 24/19 A2990 RMK AO2
DFW,2026-07-15 19:53,10.00,12,M,SCT,M,M,4500,M,M,M,KDFW 151953Z 17012KT 10SM SCT045 24/19 A2990 RMK AO2
DFW,2026-07-15 20:53,10.00,12,M,SCT,M,M,4500,M,M,M,KDFW 152053Z 17012KT 10SM SCT045 24/19 A2990 RMK AO2
DFW,2026-07-15 21:53,10.00,12,M,SCT,M,M,4500,M,M,M,KDFW 152153Z 17012KT 10SM SCT045 24/19 A2990 RMK AO2
DFW,2026-07-15 22:13,1.50,20,41,BKN,OVC,M,1800,3500,M,TSRA,SPECI KDFW 152213Z 24020G41KT 1 1/2SM TSRA BKN018 OVC035 24/19 A2990 RMK AO2 TSB12 OCNL LTGIC
DFW,2026-07-15 22:53,1.50,20,41,BKN,OVC,M,1800,3500,M,TSRA,KDFW 152253Z 24020G41KT 1 1/2SM TSRA BKN018 OVC035 24/19 A2990 RMK AO2 TSB12 OCNL LTGIC
DFW,2026-07-15 23:53,1.50,20,41,BKN,OVC,M,1800,3500,M,TSRA,KDFW 152353Z 24020G41KT 1 1/2SM TSRA BKN018 OVC035 24/19 A2990 RMK AO2 TSB12 OCNL LTGIC
DFW,2026-07-16 00:53,1.50,20,41,BKN,OVC,M,1800,3500,M,TSRA,KDFW 160053Z 24020G41KT 1 1/2SM TSRA BKN018 OVC035 24/19 A2990 RMK AO2 TSB12 OCNL LTGIC
DFW,2026-07-16 01:53,1.50,20,41,BKN,OVC,M,1800,3500,M,TSRA,KDFW 160153Z 24020G41KT 1 1/2SM TSRA BKN018 OVC035 24/19 A2990 RMK AO2 TSB12 OCNL LTGIC
DFW,2026-07-16 02:13,10.00,12,M,SCT,M,M,4500,M,M,M,SPECI KDFW 160213Z 17012KT 10SM SCT045 24/19 A2990 RMK AO2
DFW,2026-07-16 02:53,10.00,12,M,SCT,M,M,4500,M,M,M,KDFW 160253Z 17012KT 10SM SCT045 24/19 A2990 RMK AO2
DFW,2026-07-16 03:53,10.00,12,M,SCT,M,M,4500,M,M,M,KDFW 160353Z 17012KT 10SM SCT045 24/19 A2990 RMK AO2
DFW,2026-07-16 04:53,10.00,12,M,SCT,M,M,4500,M,M,M,KDFW 160453Z 17012KT 10SM SCT045 24/19 A2990 RMK AO2
DFW,2026-07-16 05:53,10.00,12,M,SCT,M,M,4500,M,M,M,KDFW 160553Z 17012KT 10SM SCT045 24/19 A2990 RMK AO2
DFW,2026-07-16 06:53,10.00,12,M,SCT,M,M,4500,M,M,M,KDFW 160653Z 17012KT 10SM SCT045 24/19 A2990 RMK AO2
DFW,2026-07-16 07:53,10.00,12,M,SCT,M,M,4500,M,M,M,KDFW 160753Z 17012KT 10SM SCT045 24/19 A2990 RMK AO2
DFW,2026-07-16 08:53,10.00,12,M,SCT,M,M,4500,M,M,M,KDFW 160853Z 17012KT 10SM SCT045 24/19 A2990 RMK AO2
DFW,2026-07-16 09:53,10.00,12,M,SCT,M,M,4500,M,M,M,KDFW 160953Z 17012KT 10SM SCT045 24/19 A2990 RMK AO2
DFW,2026-07-16 10:53,10.00,12,M,SCT,M,M,4500,M,M,M,KDFW 161053Z 17012KT 10SM SCT045 24/19 A2990 RMK AO2
DFW,2026-07-16 11:53,6.00,12,M,OVC,M,M,800,M,M,M,KDFW 161153Z 17012KT 6SM OVC008 24/19 A2990 RMK AO2
DFW,2026-07-16 12:53,6.00,12,M,OVC,M,M,800,M,M,M,KDFW 161253Z 17012KT 6SM OVC008 24/19 A2990 RMK AO2
DFW,2026-07-16 13:53,6.00,12,M,OVC,M,M,800,M,M,M,KDFW 161353Z 17012KT 6SM OVC008 24/19 A2990 RMK AO2
DFW,2026-07-16 14:53,10.00,12,M,SCT,M,M,4500,M,M,M,KDFW 161453Z 17012KT 10SM SCT045 24/19 A2990 RMK AO2
DFW,2026-07-16 15:53,10.00,12,M,SCT,M,M,4500,M,M,M,KDFW 161553Z 17012KT 10SM SCT045 24/19 A2990 RMK AO2
DFW,2026-07-16 16:53,10.00,12,M,SCT,M,M,4500,M,M,M,KDFW 161653Z 17012KT 10SM SCT045 24/19 A2990 RMK AO2
DFW,2026-07-16 17:53,10.00,12,M,SCT,M,M,4500,M,M,M,KDFW 161753Z 17012KT 10SM SCT045 24/19 A2990 RMK AO2
DFW,2026-07-16 18:53,10.00,12,M,SCT,M,M,4500,M,M,M,KDFW 161853Z 17012KT 10SM SCT045 24/19 A2990 RMK AO2
DFW,2026-07-16 19:53,10.00,12,M,SCT,M,M,4500,M,M,M,KDFW 161953Z 17012KT 10SM SCT045 24/19 A2990 RMK AO2
DFW,2026-07-16 20:53,10.00,12,M,SCT,M,M,4500,M,M,M,KDFW 162053Z 17012KT 10SM SCT045 24/19 A2990 RMK AO2
DFW,2026-07-16 21:53,10.00,12,M,SCT,M,M,4500,M,M,M,KDFW 162153Z 17012KT 10SM SCT045 24/19 A2990 RMK AO2
DFW,2026-07-16 22:53,10.00,12,M,SCT,M,M,4500,M,M,M,KDFW 162253Z 17012KT 10SM SCT045 24/19 A2990 RMK AO2
DFW,2026-07-16 23:53,10.00,12,M,SCT,M,M,4500,M,M,M,KDFW 162353Z 17012KT 10SM SCT045 24/19 A2990 RMK AO2
