station,valid,raw
KMSP,2026-07-13 23:20,"TAF KMSP 132320Z 1400/1506 18010KT P6SM SCT050
     PROB30 1417/1420 4SM TSRA BKN040CB
     TEMPO 1420/1500 2SM +TSRA BR BKN025CB
     FM150200 VRB04KT P6SM SKC"
KMSP,2026-07-14 05:20,"TAF KMSP 140520Z 1406/1512 18010KT P6SM SCT050
     PROB30 1417/1420 4SM TSRA BKN040CB
     TEMPO 1420/1500 2SM +TSRA BR BKN025CB
     FM150200 VRB04KT P6SM SKC
     FM150800 00000KT 2SM BR OVC008
     TEMPO 1509/1512 1/2SM FG VV002"
KMSP,2026-07-14 11:20,"TAF KMSP 141120Z 1412/1518 18010KT P6SM SCT050
     PROB30 1417/1420 4SM TSRA BKN040CB
     TEMPO 1420/1500 2SM +TSRA BR BKN025CB
     FM150200 VRB04KT P6SM SKC
     FM150800 00000KT 2SM BR OVC008
     TEMPO 1509/1512 1/2SM FG VV002
     FM151400 20008KT P6SM SCT040"
KMSP,2026-07-14 17:20,"TAF KMSP 141720Z 1418/1600 18010KT P6SM SCT050
     PROB30 1418/1420 4SM TSRA BKN040CB
     TEMPO 1420/1500 2SM +TSRA BR BKN025CB
     FM150200 VRB04KT P6SM SKC
     FM150800 00000KT 2SM BR OVC008
     TEMPO 1509/1512 1/2SM FG VV002
     FM151400 20008KT P6SM SCT040"
KMSP,2026-07-14 23:20,"TAF KMSP 142320Z 1500/1606 18010KT P6SM SCT050
     FM150200 VRB04KT P6SM SKC
     FM150800 00000KT 2SM BR OVC008
     TEMPO 1509/1512 1/2SM FG VV002
     FM151400 20008KT P6SM SCT040"
KMSP,2026-07-15 05:20,"TAF KMSP 150520Z 1506/1612 VRB04KT P6SM SKC
     FM150800 00000KT 2SM BR OVC008
     TEMPO 1509/1512 1/2SM FG VV002
     FM151400 20008KT P6SM SCT040"
KMSP,2026-07-15 11:20,"TAF KMSP 151120Z 1512/1618 00000KT 2SM BR OVC008
     FM151400 20008KT P6SM SCT040
     FM161400 30018G28KT P6SM SCT050"
KMSP,2026-07-15 17:20,"TAF KMSP 151720Z 1518/1700 20008KT P6SM SCT040
     FM161400 30018G28KT P6SM SCT050
     PROB30 1618/1622 3SM TSRA BKN030CB
     FM162300 31008KT P6SM FEW060"
KMSP,2026-07-15 23:20,"TAF KMSP 152320Z 1600/1706 20008KT P6SM SCT040
     FM161400 30018G28KT P6SM SCT050
     PROB30 1618/1622 3SM TSRA BKN030CB
     FM162300 31008KT P6SM FEW060"
KMSP,2026-07-16 05:20,"TAF KMSP 160520Z 1606/1712 20008KT P6SM SCT040
     FM161400 30018G28KT P6SM SCT050
     PROB30 1618/1622 3SM TSRA BKN030CB
     FM162300 31008KT P6SM FEW060"
KMSP,2026-07-16 11:20,"TAF KMSP 161120Z 1612/1718 20008KT P6SM SCT040
     FM161400 30018G28KT P6SM SCT050
     PROB30 1618/1622 3SM TSRA BKN030CB
     FM162300 31008KT P6SM FEW060"
KMSP,2026-07-16 17:20,"TAF KMSP 161720Z 1618/1800 30018G28KT P6SM SCT050
     PROB30 1618/1622 3SM TSRA BKN030CB
     FM162300 31008KT P6SM FEW060"
KMSP,2026-07-16 23:20,"TAF KMSP 162320Z 1700/1806 31008KT P6SM FEW060"
