"id","ident","type","name","latitude_deg","longitude_deg","elevation_ft","continent","iso_country","iso_region","municipality","scheduled_service","icao_code","iata_code","gps_code","local_code","home_link","wikipedia_link","keywords"
3000,"KATL","large_airport","Hartsfield-Jackson Atlanta International Airport",33.6407,-84.4277,,"NA","US","US-GA","Atlanta","yes","KATL","ATL","KATL","ATL",,,
3001,"KDFW","large_airport","Dallas/Fort Worth International Airport",32.8998,-97.0403,,"NA","US","US-TX","Dallas-Fort Worth","yes","KDFW","DFW","KDFW","DFW",,,
3002,"KDEN","large_airport","Denver International Airport",39.8561,-104.6737,,"NA","US","US-CO","Denver","yes","KDEN","DEN","KDEN","DEN",,,
3003,"KORD","large_airport","Chicago O'Hare International Airport",41.9742,-87.9073,,"NA","US","US-IL","Chicago","yes","KORD","ORD","KORD","ORD",,,
3004,"KLAX","large_airport","Los Angeles International Airport",33.9416,-118.4085,,"NA","US","US-CA","Los Angeles","yes","KLAX","LAX","KLAX","LAX",,,
3005,"KJFK","large_airport","John F. Kennedy International Airport",40.6413,-73.7781,,"NA","US","US-NY","New York","yes","KJFK","JFK","KJFK","JFK",,,
3006,"KLAS","large_airport","Harry Reid International Airport",36.084,-115.1537,,"NA","US","US-NV","Las Vegas","yes","KLAS","LAS","KLAS","LAS",,,
3007,"KMCO","large_airport","Orlando International Airport",28.4312,-81.3081,,"NA","US","US-FL","Orlando","yes","KMCO","MCO","KMCO","MCO",,,
3008,"KMIA","large_airport","Miami International Airport",25.7959,-80.287,,"NA","US","US-FL","Miami","yes","KMIA","MIA","KMIA","MIA",,,
3009,"KCLT","large_airport","Charlotte Douglas International Airport",35.214,-80.9431,,"NA","US","US-NC","Charlotte","yes","KCLT","CLT","KCLT","CLT",,,
3010,"KSEA","large_airport","Seattle-Tacoma International Airport",47.4502,-122.3088,,"NA","US","US-WA","Seattle","yes","KSEA","SEA","KSEA","SEA",,,
3011,"KPHX","large_airport","Phoenix Sky Harbor International Airport",33.4342,-112.0116,,"NA","US","US-AZ","Phoenix","yes","KPHX","PHX","KPHX","PHX",,,
3012,"KEWR","large_airport","Newark Liberty International Airport",40.6895,-74.1745,,"NA","US","US-NJ","Newark","yes","KEWR","EWR","KEWR","EWR",,,
3013,"KSFO","large_airport","San Francisco International Airport",37.6213,-122.379,,"NA","US","US-CA","San Francisco","yes","KSFO","SFO","KSFO","SFO",,,
3014,"KIAH","large_airport","George Bush Intercontinental",29.9902,-95.3368,,"NA","US","US-TX","Houston","yes","KIAH","IAH","KIAH","IAH",,,
3015,"KBOS","large_airport","Boston Logan International Airport",42.3656,-71.0096,,"NA","US","US-MA","Boston","yes","KBOS","BOS","KBOS","BOS",,,
3016,"KFLL","large_airport","Fort Lauderdale-Hollywood International Airport",26.0742,-80.1506,,"NA","US","US-FL","Fort Lauderdale","yes","KFLL","FLL","KFLL","FLL",,,
3017,"KMSP","large_airport","Minneapolis-Saint Paul International Airport",44.8848,-93.2223,,"NA","US","US-MN","Minneapolis","yes","KMSP","MSP","KMSP","MSP",,,
3018,"KLGA","large_airport","LaGuardia",40.7769,-73.874,,"NA","US","US-NY","New York","yes","KLGA","LGA","KLGA","LGA",,,
3019,"KDTW","large_airport","Detroit Metropolitan Wayne County",42.2162,-83.3554,,"NA","US","US-MI","Detroit","yes","KDTW","DTW","KDTW","DTW",,,
3020,"KPHL","large_airport","Philadelphia International Airport",39.8744,-75.2424,,"NA","US","US-PA","Philadelphia","yes","KPHL","PHL","KPHL","PHL",,,
3021,"KSLC","large_airport","Salt Lake City International Airport",40.7899,-111.9791,,"NA","US","US-UT","Salt Lake City","yes","KSLC","SLC","KSLC","SLC",,,
3022,"KDCA","large_airport","Ronald Reagan Washington National",38.8512,-77.0402,,"NA","US","US-DC","Washington","yes","KDCA","DCA","KDCA","DCA",,,
3023,"KSAN","large_airport","San Diego International Airport",32.7338,-117.1933,,"NA","US","US-CA","San Diego","yes","KSAN","SAN","KSAN","SAN",,,
3024,"KBWI","large_airport","Baltimore/Washington International Airport",39.1774,-76.6684,,"NA","US","US-MD","Baltimore","yes","KBWI","BWI","KBWI","BWI",,,
3025,"KTPA","large_airport","Tampa International Airport",27.9755,-82.5332,,"NA","US","US-FL","Tampa","yes","KTPA","TPA","KTPA","TPA",,,
3026,"KAUS","large_airport","Austin-Bergstrom International Airport",30.1975,-97.6664,,"NA","US","US-TX","Austin","yes","KAUS","AUS","KAUS","AUS",,,
3027,"KIAD","large_airport","Washington Dulles International Airport",38.9531,-77.4565,,"NA","US","US-VA","Washington","yes","KIAD","IAD","KIAD","IAD",,,
3028,"KBNA","large_airport","Nashville International Airport",36.1263,-86.6774,,"NA","US","US-TN","Nashville","yes","KBNA","BNA","KBNA","BNA",,,
3029,"KMDW","large_airport","Chicago Midway International Airport",41.7868,-87.7522,,"NA","US","US-IL","Chicago","yes","KMDW","MDW","KMDW","MDW",,,
3030,"PHNL","large_airport","Daniel K. Inouye International Airport",21.3187,-157.9225,,"OC","US","US-HI","Honolulu","yes","PHNL","HNL","PHNL","HNL",,,
3031,"PANC","large_airport","Ted Stevens Anchorage International Airport",61.1743,-149.9962,,"NA","US","US-AK","Anchorage","yes","PANC","ANC","PANC","ANC",,,
3032,"KOAK","large_airport","San Francisco Bay Oakland International Airport",37.7213,-122.2208,,"NA","US","US-CA","Oakland","yes","KOAK","OAK","KOAK","OAK",,,
3033,"KSJC","large_airport","Norman Y. Mineta San Jose International Airport",37.3626,-121.929,,"NA","US","US-CA","San Jose","yes","KSJC","SJC","KSJC","SJC",,,
3034,"KHOU","large_airport","William P Hobby Airport",29.6454,-95.2789,,"NA","US","US-TX","Houston","yes","KHOU","HOU","KHOU","HOU",,,
3035,"KDAL","large_airport","Dallas Love Field",32.8471,-96.8518,,"NA","US","US-TX","Dallas","yes","KDAL","DAL","KDAL","DAL",,,
3036,"KBUR","medium_airport","Hollywood Burbank Airport",34.2007,-118.3587,,"NA","US","US-CA","Burbank","yes","KBUR","BUR","KBUR","BUR",,,
3037,"KBUF","medium_airport","Buffalo Niagara International Airport",42.9405,-78.7322,,"NA","US","US-NY","Buffalo","yes","KBUF","BUF","KBUF","BUF",,,
3038,"KRST","medium_airport","Rochester International Airport",43.9083,-92.5,,"NA","US","US-MN","Rochester","yes","KRST","RST","KRST","RST",,,
3039,"KFCM","medium_airport","Flying Cloud Airport",44.8272,-93.4571,,"NA","US","US-MN","Eden Prairie","no","KFCM","FCM","KFCM","FCM",,,
3040,"Y49","small_airport","Walker Municipal Airport",47.1597,-94.644,,"NA","US","US-MN","Walker","no",,,"Y49","Y49",,,
3041,"KSTP","medium_airport","St Paul Downtown Holman Field",44.9345,-93.06,,"NA","US","US-MN","St Paul","no","KSTP","STP","KSTP","STP",,,
3042,"TJSJ","large_airport","Luis Muñoz Marín International Airport",18.4394,-66.0018,,"NA","PR","PR-U-A","San Juan","yes","TJSJ","SJU","TJSJ",,,,
3043,"PGUM","large_airport","Antonio B. Won Pat International Airport",13.4834,144.796,,"OC","GU","GU-U-A","Hagåtña","yes","PGUM","GUM","PGUM",,,,
3044,"PHOG","medium_airport","Kahului International Airport",20.8986,-156.4305,,"NA","US","US-HI","Kahului","yes","PHOG","OGG","PHOG","OGG",,,
3045,"PAFA","large_airport","Fairbanks International Airport",64.8151,-147.8561,,"NA","US","US-AK","Fairbanks","yes","PAFA","FAI","PAFA","FAI",,,
3046,"EGLL","large_airport","London Heathrow Airport",51.4706,-0.4619,,"EU","GB","GB-ENG","London","yes","EGLL","LHR","EGLL",,,,
3047,"EGKK","large_airport","London Gatwick Airport",51.1481,-0.1903,,"EU","GB","GB-ENG","London","yes","EGKK","LGW","EGKK",,,,
3048,"LFPG","large_airport","Charles de Gaulle International Airport",49.0097,2.5479,,"EU","FR","FR-IDF","Paris","yes","LFPG","CDG","LFPG",,,,
3049,"RJTT","large_airport","Tokyo Haneda International Airport",35.5523,139.7798,,"AS","JP","JP-13","Tokyo","yes","RJTT","HND","RJTT",,,,
3050,"CYYZ","large_airport","Toronto Lester B. Pearson International Airport",43.6777,-79.6248,,"NA","CA","CA-ON","Toronto","yes","CYYZ","YYZ","CYYZ",,,,
3051,"MMMX","large_airport","Licenciado Benito Juarez International Airport",19.4363,-99.0721,,"NA","MX","MX-CMX","Mexico City","yes","MMMX","MEX","MMMX",,,,
3052,"LEMD","large_airport","Adolfo Suárez Madrid–Barajas Airport",40.4719,-3.5626,,"EU","ES","ES-M","Madrid","yes","LEMD","MAD","LEMD",,,,
3053,"KJFK-H","heliport","Example Heliport (excluded)",40.7,-73.9,,"NA","US","US-NY","New York","no",,,,"KJFK-H",,,
3054,"KXXC","closed","Old Closed Field (excluded)",41,-90,,"NA","US","US-IL","Nowhere","no","KXXC",,"KXXC","KXXC",,,
