"id","airport_ref","airport_ident","length_ft","width_ft","surface","lighted","closed","le_ident","le_latitude_deg","le_longitude_deg","le_elevation_ft","le_heading_degT","le_displaced_threshold_ft","he_ident","he_latitude_deg","he_longitude_deg","he_elevation_ft","he_heading_degT","he_displaced_threshold_ft"
9000,3017,"KMSP",,,"ASP",1,0,"12L",,,,118,,"30R",,,,298,
9001,3017,"KMSP",,,"ASP",1,0,"12R",,,,118,,"30L",,,,298,
9002,3017,"KMSP",,,"ASP",1,0,"4",,,,44,,"22",,,,224,
9003,3017,"KMSP",,,"ASP",1,0,"17",,,,174,,"35",,,,354,
9004,3003,"KORD",,,"ASP",1,0,"9L",,,,89,,"27R",,,,269,
9005,3003,"KORD",,,"ASP",1,0,"9C",,,,89,,"27C",,,,269,
9006,3003,"KORD",,,"ASP",1,0,"9R",,,,89,,"27L",,,,269,
9007,3003,"KORD",,,"ASP",1,0,"10L",,,,89,,"28R",,,,269,
9008,3003,"KORD",,,"ASP",1,0,"10C",,,,89,,"28C",,,,269,
9009,3003,"KORD",,,"ASP",1,0,"10R",,,,89,,"28L",,,,269,
9010,3003,"KORD",,,"ASP",1,0,"4R",,,,42,,"22L",,,,222,
9011,3002,"KDEN",,,"ASP",1,0,"7",,,,83,,"25",,,,263,
9012,3002,"KDEN",,,"ASP",1,0,"8",,,,83,,"26",,,,263,
9013,3002,"KDEN",,,"ASP",1,0,"16L",,,,173,,"34R",,,,353,
9014,3002,"KDEN",,,"ASP",1,0,"16R",,,,173,,"34L",,,,353,
9015,3002,"KDEN",,,"ASP",1,0,"17L",,,,173,,"35R",,,,353,
9016,3002,"KDEN",,,"ASP",1,0,"17R",,,,173,,"35L",,,,353,
9017,3004,"KLAX",,,"ASP",1,0,"6L",,,,83,,"24R",,,,263,
9018,3004,"KLAX",,,"ASP",1,0,"6R",,,,83,,"24L",,,,263,
9019,3004,"KLAX",,,"ASP",1,0,"7L",,,,83,,"25R",,,,263,
9020,3004,"KLAX",,,"ASP",1,0,"7R",,,,83,,"25L",,,,263,
9021,3012,"KEWR",,,"ASP",1,0,"4L",,,,39,,"22R",,,,219,
9022,3012,"KEWR",,,"ASP",1,0,"4R",,,,39,,"22L",,,,219,
9023,3012,"KEWR",,,"ASP",1,0,"11",,,,107,,"29",,,,287,
9024,3000,"KATL",,,"ASP",1,0,"8L",,,,90,,"26R",,,,270,
9025,3000,"KATL",,,"ASP",1,0,"8R",,,,90,,"26L",,,,270,
9026,3000,"KATL",,,"ASP",1,0,"9L",,,,90,,"27R",,,,270,
9027,3000,"KATL",,,"ASP",1,0,"9R",,,,90,,"27L",,,,270,
9028,3000,"KATL",,,"ASP",1,0,"10",,,,90,,"28",,,,270,
9029,3046,"EGLL",,,"ASP",1,0,"09L",,,,90,,"27R",,,,270,
9030,3046,"EGLL",,,"ASP",1,0,"09R",,,,90,,"27L",,,,270,
9031,3039,"KFCM",,,"ASP",1,0,"10R",,,,98,,"28L",,,,278,
9032,3039,"KFCM",,,"ASP",1,0,"10L",,,,98,,"28R",,,,278,
9033,3039,"KFCM",,,"ASP",1,0,"18",,,,178,,"36",,,,358,
9034,3004,"KLAX",100,100,"CON",1,0,"H1",,,,,,,,,,,
9035,3003,"KORD",7500,150,"ASP",1,1,"14R",,,,136,,"32L",,,,316,
