runtime,ftime,model,tmp,dpt,cld,wdr,wsp,p06,cig,vis,obv,gst,station,ccg,ppo,pco,cvs,lp1,lc1,cp1,cc1,p01,pc1
2026-07-01 06:00:00,2026-07-01 07:00:00,LAV,81,73,CL,220,9,,8,7,N ,,KORD,8,0.0,N,7,0.0,N,0.0,N,0,N
2026-07-01 06:00:00,2026-07-01 08:00:00,LAV,81,74,CL,220,9,,8,7,N ,,KORD,8,0.0,N,7,1.0,N,0.0,N,0,N
2026-07-01 06:00:00,2026-07-01 09:00:00,LAV,80,73,CL,220,9,,8,7,N ,,KORD,8,0.0,N,7,2.0,N,0.0,N,1,N
2026-07-01 06:00:00,2026-07-01 10:00:00,LAV,80,73,CL,220,8,,8,7,N ,,KORD,8,0.0,N,7,2.0,N,0.0,N,1,N
2026-07-01 06:00:00,2026-07-01 11:00:00,LAV,79,72,FW,230,7,,8,7,N ,,KORD,8,0.0,N,7,2.0,N,0.0,N,2,N
2026-07-01 06:00:00,2026-07-01 12:00:00,LAV,81,72,CL,230,9,3.0,8,7,N ,,KORD,8,0.0,N,7,2.0,N,0.0,N,2,N
2026-07-01 06:00:00,2026-07-01 13:00:00,LAV,83,72,CL,240,10,,8,7,N ,,KORD,8,0.0,N,7,2.0,N,0.0,N,3,N
2026-07-01 06:00:00,2026-07-01 14:00:00,LAV,86,71,CL,240,10,,8,7,N ,,KORD,8,0.0,N,7,2.0,N,0.0,N,2,N
2026-07-01 06:00:00,2026-07-01 15:00:00,LAV,88,70,FW,230,11,,8,7,N ,18.0,KORD,8,0.0,N,7,2.0,N,0.0,N,2,N
2026-07-01 06:00:00,2026-07-01 16:00:00,LAV,91,70,FW,240,11,,8,7,N ,18.0,KORD,8,0.0,N,7,2.0,N,0.0,N,1,N
2026-07-01 06:00:00,2026-07-01 17:00:00,LAV,93,69,FW,230,11,,8,7,N ,18.0,KORD,8,0.0,N,7,2.0,N,0.0,N,1,N
2026-07-01 06:00:00,2026-07-01 18:00:00,LAV,94,69,FW,220,11,4.0,8,7,N ,19.0,KORD,8,0.0,N,7,1.0,N,0.0,N,0,N
2026-07-01 06:00:00,2026-07-01 19:00:00,LAV,95,70,FW,220,14,,8,7,N ,22.0,KORD,8,0.0,N,7,1.0,N,0.0,N,0,N
2026-07-01 06:00:00,2026-07-01 20:00:00,LAV,95,71,FW,210,15,,8,7,N ,22.0,KORD,8,0.0,N,7,2.0,N,0.0,N,0,N
2026-07-01 06:00:00,2026-07-01 21:00:00,LAV,95,71,FW,210,17,,8,7,N ,25.0,KORD,8,0.0,N,7,1.0,N,0.0,N,0,N
2026-07-01 06:00:00,2026-07-01 22:00:00,LAV,94,71,FW,210,17,,8,7,N ,22.0,KORD,8,0.0,N,7,1.0,N,0.0,N,0,N
2026-07-01 06:00:00,2026-07-01 23:00:00,LAV,93,71,FW,220,16,,8,7,N ,23.0,KORD,8,0.0,N,7,1.0,N,0.0,N,0,N
2026-07-01 06:00:00,2026-07-02 00:00:00,LAV,91,71,SC,220,14,0.0,8,7,N ,22.0,KORD,8,0.0,N,7,1.0,N,0.0,N,0,N
2026-07-01 06:00:00,2026-07-02 01:00:00,LAV,90,71,FW,220,12,,8,7,N ,21.0,KORD,8,0.0,N,7,2.0,N,1.0,N,1,N
2026-07-01 06:00:00,2026-07-02 02:00:00,LAV,88,72,FW,210,10,,8,7,N ,,KORD,8,0.0,N,7,1.0,N,0.0,N,1,N
2026-07-01 06:00:00,2026-07-02 03:00:00,LAV,87,72,FW,200,9,,8,7,N ,,KORD,8,0.0,N,7,1.0,N,1.0,N,2,N
2026-07-01 06:00:00,2026-07-02 04:00:00,LAV,86,73,FW,210,8,,8,7,N ,,KORD,8,0.0,N,7,1.0,N,1.0,N,2,N
2026-07-01 06:00:00,2026-07-02 05:00:00,LAV,84,74,FW,210,7,,8,7,N ,,KORD,8,0.0,N,7,1.0,N,1.0,N,2,N
2026-07-01 06:00:00,2026-07-02 06:00:00,LAV,83,74,SC,210,7,4.0,8,7,N ,,KORD,8,0.0,N,7,2.0,N,3.0,N,2,N
2026-07-01 06:00:00,2026-07-02 07:00:00,LAV,82,74,SC,210,8,,8,7,N ,,KORD,8,0.0,N,7,1.0,N,3.0,N,2,N
2026-07-01 06:00:00,2026-07-02 08:00:00,LAV,81,72,SC,210,8,,8,7,N ,,KORD,8,,,7,,,,,2,N
2026-07-01 06:00:00,2026-07-02 09:00:00,LAV,80,71,SC,210,7,,8,7,N ,,KORD,8,,,7,,,,,2,N
2026-07-01 06:00:00,2026-07-02 10:00:00,LAV,79,73,SC,220,8,,8,7,N ,,KORD,8,,,7,,,,,3,N
2026-07-01 06:00:00,2026-07-02 11:00:00,LAV,78,70,SC,300,12,,8,7,N ,,KORD,8,,,7,,,,,3,N
2026-07-01 06:00:00,2026-07-02 12:00:00,LAV,79,70,BK,260,11,8.0,8,7,N ,,KORD,8,,,7,,,,,4,N
2026-07-01 06:00:00,2026-07-02 13:00:00,LAV,80,70,SC,270,8,,8,7,N ,,KORD,8,,,7,,,,,4,N
2026-07-01 06:00:00,2026-07-02 14:00:00,LAV,84,69,SC,220,8,,8,7,N ,,KORD,8,,,7,,,,,3,N
2026-07-01 06:00:00,2026-07-02 15:00:00,LAV,87,69,SC,200,7,,8,7,N ,,KORD,8,,,7,,,,,2,N
2026-07-01 06:00:00,2026-07-02 16:00:00,LAV,90,68,SC,210,9,,8,7,N ,17.0,KORD,8,,,7,,,,,2,N
2026-07-01 06:00:00,2026-07-02 17:00:00,LAV,92,69,SC,220,10,,8,7,N ,18.0,KORD,8,,,7,,,,,2,N
2026-07-01 06:00:00,2026-07-02 18:00:00,LAV,93,70,SC,220,13,7.0,8,7,N ,21.0,KORD,8,,,7,,,,,1,N
2026-07-01 06:00:00,2026-07-02 19:00:00,LAV,95,71,SC,220,13,,8,7,N ,20.0,KORD,7,,,7,,,,,1,N
2026-07-01 06:00:00,2026-07-02 20:00:00,LAV,95,71,SC,230,11,,8,7,N ,19.0,KORD,7,,,7,,,,,2,N
