station,valid,fx_valid,raw,is_tempo,fx_valid_end,sknt,drct,gust,visibility,presentwx,skyc,skyl,ws_level,ws_drct,ws_sknt,product_id,ftype,is_amendment
KATL,2026-05-30 19:47,2026-05-30 19:47,29007KT P6SM -SHRA BKN035 BKN100,False,,7.0,290.0,0.0,6.01,['-SHRA'],"['BKN', 'BKN']","[3500, 10000]",,,,202605301947-KFFC-FTUS42-TAFATL-AAA,Observation,True
KATL,2026-05-30 19:47,2026-05-30 20:00,TEMPO 3020/3023 4SM -TSRA OVC025CB,True,2026-05-30 23:00,,,,4.0,['-TSRA'],['OVC'],[2500],,,,202605301947-KFFC-FTUS42-TAFATL-AAA,Temporary,True
KATL,2026-05-30 19:47,2026-05-31 00:00,PROB30 3100/3103 4SM -TSRA BKN030CB,False,2026-05-31 03:00,,,,4.0,['-TSRA'],['BKN'],[3000],,,,202605301947-KFFC-FTUS42-TAFATL-AAA,Probability 30,True
KATL,2026-05-30 19:47,2026-05-31 00:00,FM310000 VRB03KT P6SM SCT030 BKN080,False,,,,,6.01,[],"['SCT', 'BKN']","[3000, 8000]",,,,202605301947-KFFC-FTUS42-TAFATL-AAA,Forecast,True
KATL,2026-05-30 19:47,2026-05-31 08:00,FM310800 08004KT 6SM BR BKN008 BKN012,False,,4.0,80.0,0.0,6.0,['BR'],"['BKN', 'BKN']","[800, 1200]",,,,202605301947-KFFC-FTUS42-TAFATL-AAA,Forecast,True
KATL,2026-05-30 19:47,2026-05-31 11:00,FM311100 07010G20KT P6SM -SHRA BKN005,False,,10.0,70.0,20.0,6.01,['-SHRA'],['BKN'],[500],,,,202605301947-KFFC-FTUS42-TAFATL-AAA,Forecast,True
KATL,2026-05-30 19:47,2026-05-31 16:00,FM311600 08011G21KT P6SM BKN015 OVC025,False,,11.0,80.0,21.0,6.01,[],"['BKN', 'OVC']","[1500, 2500]",,,,202605301947-KFFC-FTUS42-TAFATL-AAA,Forecast,True
KATL,2026-05-30 19:47,2026-05-31 19:00,FM311900 08010KT P6SM VCSH BKN020,False,,10.0,80.0,0.0,6.01,['VCSH'],['BKN'],[2000],,,,202605301947-KFFC-FTUS42-TAFATL-AAA,Forecast,True
KATL,2026-05-30 21:34,2026-05-30 21:34,29007KT P6SM SCT035 SCT100,False,,7.0,290.0,0.0,6.01,[],"['SCT', 'SCT']","[3500, 10000]",,,,202605302134-KFFC-FTUS42-TAFATL-AAB,Observation,True
KATL,2026-05-30 21:34,2026-05-30 22:00,TEMPO 3022/3023 4SM -TSRA OVC025CB,True,2026-05-30 23:00,,,,4.0,['-TSRA'],['OVC'],[2500],,,,202605302134-KFFC-FTUS42-TAFATL-AAB,Temporary,True
KATL,2026-05-30 21:34,2026-05-31 00:00,FM310000 VRB03KT P6SM SCT030 BKN080,False,,,,,6.01,[],"['SCT', 'BKN']","[3000, 8000]",,,,202605302134-KFFC-FTUS42-TAFATL-AAB,Forecast,True
KATL,2026-05-30 21:34,2026-05-31 00:00,PROB30 3100/3103 4SM -TSRA BKN030CB,False,2026-05-31 03:00,,,,4.0,['-TSRA'],['BKN'],[3000],,,,202605302134-KFFC-FTUS42-TAFATL-AAB,Probability 30,True
KATL,2026-05-30 21:34,2026-05-31 08:00,FM310800 08004KT 6SM BR BKN008 BKN012,False,,4.0,80.0,0.0,6.0,['BR'],"['BKN', 'BKN']","[800, 1200]",,,,202605302134-KFFC-FTUS42-TAFATL-AAB,Forecast,True
KATL,2026-05-30 21:34,2026-05-31 11:00,FM311100 07010G20KT P6SM -SHRA BKN005,False,,10.0,70.0,20.0,6.01,['-SHRA'],['BKN'],[500],,,,202605302134-KFFC-FTUS42-TAFATL-AAB,Forecast,True
KATL,2026-05-30 21:34,2026-05-31 16:00,FM311600 08011G21KT P6SM BKN015 OVC025,False,,11.0,80.0,21.0,6.01,[],"['BKN', 'OVC']","[1500, 2500]",,,,202605302134-KFFC-FTUS42-TAFATL-AAB,Forecast,True
KATL,2026-05-30 21:34,2026-05-31 19:00,FM311900 08010KT P6SM VCSH BKN020,False,,10.0,80.0,0.0,6.01,['VCSH'],['BKN'],[2000],,,,202605302134-KFFC-FTUS42-TAFATL-AAB,Forecast,True
