station,valid,metar,vsby,skyc1,skyl1,skyc2,skyl2,skyc3,skyl3,gust,sknt,wxcodes
ATL,2026-05-31 21:52,KATL 312152Z 07010KT 10SM OVC011 21/17 A3002 RMK AO2 SLP158 T02060172 $,10.00,OVC,1100.00,M,M,M,M,M,10.00,M
ATL,2026-05-31 22:52,KATL 312252Z 09010KT 10SM OVC010 20/17 A3002 RMK AO2 SLP157 T02000172 $,10.00,OVC,1000.00,M,M,M,M,M,10.00,M
ATL,2026-05-31 23:52,KATL 312352Z 07009KT 10SM OVC010 20/17 A3003 RMK AO2 SLP163 T02000167 10217 20194 53005 $,10.00,OVC,1000.00,M,M,M,M,M,9.00,M
ATL,2026-06-01 00:52,KATL 010052Z 08007KT 10SM OVC010 19/17 A3003 RMK AO2 SLP163 T01940167 $,10.00,OVC,1000.00,M,M,M,M,M,7.00,M
ATL,2026-06-01 01:52,KATL 010152Z 09007KT 10SM OVC010 19/17 A3004 RMK AO2 SLP168 T01940167 $,10.00,OVC,1000.00,M,M,M,M,M,7.00,M
ATL,2026-06-01 02:52,KATL 010252Z 11005KT 10SM OVC010 19/17 A3008 RMK AO2 SLP179 T01940167 53014 $,10.00,OVC,1000.00,M,M,M,M,M,5.00,M
ATL,2026-06-01 03:50,KATL 010350Z 09005KT 7SM -RA OVC009 19/16 A3007 RMK AO2 RAB40 P0000 $,7.00,OVC,900.00,M,M,M,M,M,5.00,-RA
ATL,2026-06-01 03:52,KATL 010352Z 09005KT 7SM -RA OVC009 19/16 A3007 RMK AO2 SLP178 RAB40 P0000 T01890161 $,7.00,OVC,900.00,M,M,M,M,M,5.00,-RA
ATL,2026-06-01 04:52,KATL 010452Z 17007KT 7SM -DZ BKN006 OVC010 18/17 A2999 RMK AO2 RAE51DZB51 SLP149 PCPN VRY LGT P0000 T01830167 402390183 $,7.00,BKN,600.00,OVC,1000.00,M,M,M,7.00,-DZ
ATL,2026-06-01 05:05,KATL 010505Z 03008KT 7SM BKN006 OVC010 19/17 A3003 RMK AO2 DZE03 PRESRR P0000 T01890167 $,7.00,BKN,600.00,OVC,1000.00,M,M,M,8.00,M
ATL,2026-06-01 05:52,KATL 010552Z 07007KT 7SM OVC006 18/17 A3001 RMK AO2 DZE03 SLP156 P0000 60000 T01830167 10200 20183 55022 $,7.00,OVC,600.00,M,M,M,M,M,7.00,M
ATL,2026-06-01 06:52,KATL 010652Z 08005KT 7SM OVC005 18/17 A3002 RMK AO2 SLP158 T01830167 $,7.00,OVC,500.00,M,M,M,M,M,5.00,M
ATL,2026-06-01 07:32,KATL 010732Z 09005KT 6SM BR OVC004 18/17 A3000 RMK AO2 T01830167 $,6.00,OVC,400.00,M,M,M,M,M,5.00,BR
ATL,2026-06-01 07:52,KATL 010752Z 08005KT 6SM BR OVC004 18/17 A3000 RMK AO2 SLP152 CIG 003V005 T01830167 $,6.00,OVC,400.00,M,M,M,M,M,5.00,BR
ATL,2026-06-01 08:52,KATL 010852Z 00000KT 7SM OVC004 18/17 A3001 RMK AO2 SLP155 T01830167 57001 $,7.00,OVC,400.00,M,M,M,M,M,0.00,M
ATL,2026-06-01 09:03,KATL 010903Z 00000KT 8SM OVC005 18/17 A3001 RMK AO2 T01830167 $,8.00,OVC,500.00,M,M,M,M,M,0.00,M
ATL,2026-06-01 09:52,KATL 010952Z 00000KT 6SM BR OVC004 18/17 A3000 RMK AO2 SLP154 CIG 003V006 T01830167 $,6.00,OVC,400.00,M,M,M,M,M,0.00,BR
ATL,2026-06-01 10:52,KATL 011052Z 31004KT 5SM BR OVC004 19/17 A3001 RMK AO2 SLP157 CIG 003V005 T01890172,5.00,OVC,400.00,M,M,M,M,M,4.00,BR
ATL,2026-06-01 11:48,KATL 011148Z 31005KT 6SM BR SCT005 OVC014 19/18 A3002 RMK AO2 BINOVC,6.00,SCT,500.00,OVC,1400.00,M,M,M,5.00,BR
ATL,2026-06-01 11:52,KATL 011152Z 32006KT 6SM BR SCT005 OVC014 19/18 A3002 RMK AO2 SLP161 SCT005 V BKN BINOVC T01940178 10194 20183 53006,6.00,SCT,500.00,OVC,1400.00,M,M,M,6.00,BR
ATL,2026-06-01 12:06,KATL 011206Z 32005KT 6SM BR BKN005 OVC014 19/18 A3002 RMK AO2 BKN005 V SCT T01940178,6.00,BKN,500.00,OVC,1400.00,M,M,M,5.00,BR
ATL,2026-06-01 12:52,KATL 011252Z 29005KT 7SM BKN007 OVC014 21/18 A3003 RMK AO2 SLP163 CIG 006V009 BKN007 V SCT T02060178,7.00,BKN,700.00,OVC,1400.00,M,M,M,5.00,M
ATL,2026-06-01 13:48,KATL 011348Z 32006KT 8SM OVC010 21/18 A3004 RMK AO2 CIG 009V011,8.00,OVC,1000.00,M,M,M,M,M,6.00,M
ATL,2026-06-01 13:52,KATL 011352Z 31006KT 8SM OVC010 22/18 A3004 RMK AO2 SLP166 CIG 009V011 T02170183,8.00,OVC,1000.00,M,M,M,M,M,6.00,M
ATL,2026-06-01 14:52,KATL 011452Z 32009KT 9SM OVC012 22/19 A3003 RMK AO2 SLP163 CIG 010V014 BINOVC T02220189 50003,9.00,OVC,1200.00,M,M,M,M,M,9.00,M
ATL,2026-06-01 15:52,KATL 011552Z 33007KT 8SM OVC013 23/19 A3004 RMK AO2 SLP165 CIG 011V015 T02280189,8.00,OVC,1300.00,M,M,M,M,M,7.00,M
ATL,2026-06-01 16:52,KATL 011652Z 33008KT 8SM OVC015 24/19 A3004 RMK AO2 SLP165 CIG 013V017 BINOVC T02390194,8.00,OVC,1500.00,M,M,M,M,M,8.00,M
ATL,2026-06-01 17:52,KATL 011752Z 33011KT 9SM SCT021 BKN180 BKN250 26/20 A3003 RMK AO2 SLP161 T02610200 10261 20194 58001,9.00,SCT,2100.00,BKN,18000.00,BKN,25000.00,M,11.00,M
ATL,2026-06-01 18:52,KATL 011852Z 34010KT 10SM SCT026 SCT200 BKN250 28/19 A3001 RMK AO2 SLP154 T02780194,10.00,SCT,2600.00,SCT,20000.00,BKN,25000.00,M,10.00,M
ATL,2026-06-01 19:52,KATL 011952Z 32013G19KT 10SM FEW033 FEW060 SCT200 BKN250 29/19 A3001 RMK AO2 SLP152 CB DSNT NE T02890194,10.00,FEW,3300.00,FEW,6000.00,SCT,20000.00,19.00,13.00,M
ATL,2026-06-01 20:52,KATL 012052Z 32014G22KT 10SM FEW038 SCT070 BKN200 BKN250 28/19 A3000 RMK AO2 PK WND 34026/2002 SLP148 CB DSNT NE T02780189 56012,10.00,FEW,3800.00,SCT,7000.00,BKN,20000.00,22.00,14.00,M
ATL,2026-06-01 21:52,KATL 012152Z 29006KT 10SM FEW070 BKN180 BKN250 27/19 A2997 RMK AO2 SLP142 T02670189,10.00,FEW,7000.00,BKN,18000.00,BKN,25000.00,M,6.00,M
ATL,2026-06-01 22:52,KATL 012252Z 24007KT 10SM -RA FEW070 SCT120 BKN150 BKN200 26/20 A2995 RMK AO2 RAB52 SLP135 P0000 T02560200 $,10.00,FEW,7000.00,SCT,12000.00,BKN,15000.00,M,7.00,-RA
ATL,2026-06-01 23:52,KATL 012352Z 18003KT 10SM FEW130 BKN200 OVC250 25/20 A2993 RMK AO2 RAE20 SLP125 VIRGA SE-SW P0000 60000 T02500200 10294 20250 58023 $,10.00,FEW,13000.00,BKN,20000.00,OVC,25000.00,M,3.00,M
ATL,2026-06-02 00:52,KATL 020052Z 00000KT 10SM FEW150 BKN200 BKN250 25/20 A2994 RMK AO2 SLP130 T02500200 $,10.00,FEW,15000.00,BKN,20000.00,BKN,25000.00,M,0.00,M
ATL,2026-06-02 01:52,KATL 020152Z 33008KT 10SM SCT200 BKN250 24/20 A2997 RMK AO2 SLP138 T02440200 $,10.00,SCT,20000.00,BKN,25000.00,M,M,M,8.00,M
ATL,2026-06-02 02:52,KATL 020252Z 32006KT 10SM SCT200 BKN250 23/20 A2998 RMK AO2 SLP144 T02330200 52018 $,10.00,SCT,20000.00,BKN,25000.00,M,M,M,6.00,M
ATL,2026-06-02 03:52,KATL 020352Z 28004KT 9SM SCT200 BKN250 22/20 A3000 RMK AO2 SLP151 T02220200 $,9.00,SCT,20000.00,BKN,25000.00,M,M,M,4.00,M
ATL,2026-06-02 04:52,KATL 020452Z 31007KT 10SM SCT200 BKN250 22/20 A3000 RMK AO2 SLP150 T02220200 402940183 $,10.00,SCT,20000.00,BKN,25000.00,M,M,M,7.00,M
ATL,2026-06-02 05:52,KATL 020552Z 31007KT 8SM SCT200 BKN250 22/20 A3000 RMK AO2 SLP150 T02170200 10250 20217 50007 $,8.00,SCT,20000.00,BKN,25000.00,M,M,M,7.00,M
ATL,2026-06-02 06:52,KATL 020652Z 33006KT 9SM SCT200 BKN250 22/19 A2999 RMK AO2 SLP144 T02170194 $,9.00,SCT,20000.00,BKN,25000.00,M,M,M,6.00,M
ATL,2026-06-02 07:48,KATL 020748Z 30005KT 8SM FEW006 SCT200 BKN250 21/19 A2997 RMK AO2 $,8.00,FEW,600.00,SCT,20000.00,BKN,25000.00,M,5.00,M
ATL,2026-06-02 07:52,KATL 020752Z 31005KT 8SM FEW006 SCT200 BKN250 21/19 A2998 RMK AO2 SLP141 T02110194 $,8.00,FEW,600.00,SCT,20000.00,BKN,25000.00,M,5.00,M
ATL,2026-06-02 08:21,KATL 020821Z 31006KT 7SM BKN004 BKN200 BKN250 21/19 A2999 RMK AO2 CIG 003V006 T02110194 $,7.00,BKN,400.00,BKN,20000.00,BKN,25000.00,M,6.00,M
ATL,2026-06-02 08:52,KATL 020852Z 32007KT 6SM BR SCT004 BKN250 21/19 A3000 RMK AO2 SLP150 SCT004 V BKN T02110194 53001 $,6.00,SCT,400.00,BKN,25000.00,M,M,M,7.00,BR
ATL,2026-06-02 09:52,KATL 020952Z 35005KT 9SM FEW005 BKN250 21/19 A3002 RMK AO2 SLP155 T02060189 $,9.00,FEW,500.00,BKN,25000.00,M,M,M,5.00,M
ATL,2026-06-02 10:52,KATL 021052Z 03009KT 10SM FEW009 SCT200 SCT250 21/18 A3003 RMK AO2 SLP159 T02110183 $,10.00,FEW,900.00,SCT,20000.00,SCT,25000.00,M,9.00,M
ATL,2026-06-02 11:52,KATL 021152Z 07007KT 10SM FEW009 SCT200 BKN250 21/18 A3003 RMK AO2 SLP160 VIRGA NW-NE T02110183 10217 20206 51009,10.00,FEW,900.00,SCT,20000.00,BKN,25000.00,M,7.00,M
ATL,2026-06-02 12:52,KATL 021252Z 04006KT 10SM FEW012 SCT200 SCT250 23/18 A3005 RMK AO2 SLP166 T02280183,10.00,FEW,1200.00,SCT,20000.00,SCT,25000.00,M,6.00,M
ATL,2026-06-02 13:52,KATL 021352Z 07010KT 9SM BKN021 BKN200 BKN250 24/19 A3008 RMK AO2 SLP175 T02440189,9.00,BKN,2100.00,BKN,20000.00,BKN,25000.00,M,10.00,M
ATL,2026-06-02 14:43,KATL 021443Z 03008KT 10SM SCT023 SCT110 SCT200 BKN250 24/18 A3007 RMK AO2 T02440183,10.00,SCT,2300.00,SCT,11000.00,SCT,20000.00,M,8.00,M
ATL,2026-06-02 14:52,KATL 021452Z 05009KT 10SM SCT023 SCT100 SCT200 BKN250 24/18 A3007 RMK AO2 SLP174 T02440183 50014,10.00,SCT,2300.00,SCT,10000.00,SCT,20000.00,M,9.00,M
ATL,2026-06-02 15:52,KATL 021552Z 06011KT 10SM FEW033 FEW110 SCT200 SCT250 27/16 A3008 RMK AO2 SLP177 MDT CU SW T02670161 $,10.00,FEW,3300.00,FEW,11000.00,SCT,20000.00,M,11.00,M
ATL,2026-06-02 16:52,KATL 021652Z 05008KT 10SM FEW044 SCT060 SCT200 BKN250 28/15 A3008 RMK AO2 SLP175 CB DSNT N TCU DSNT SE T02780150 $,10.00,FEW,4400.00,SCT,6000.00,SCT,20000.00,M,8.00,M
ATL,2026-06-02 17:52,KATL 021752Z 05006KT 10SM SCT044 BKN060 BKN200 BKN250 28/14 A3008 RMK AO2 SLP176 TCU DSNT SE-SW T02780144 10289 20211 51003 $,10.00,SCT,4400.00,BKN,6000.00,BKN,20000.00,M,6.00,M
ATL,2026-06-02 18:52,KATL 021852Z 11006KT 10SM SCT048TCU BKN075 BKN200 BKN250 27/16 A3008 RMK AO2 SLP176 TCU N-E DSNT E SE SW T02720161 $,10.00,SCT,4800.00,BKN,7500.00,BKN,20000.00,M,6.00,M
ATL,2026-06-02 19:52,KATL 021952Z 08013KT 10SM SCT050CB SCT090 BKN140 BKN200 27/17 A3008 RMK AO2 SLP176 CB E DSNT NE MOV SE TCU W NW-N SHRA E DSNT NE T02720172 $,10.00,SCT,5000.00,SCT,9000.00,BKN,14000.00,M,13.00,M
ATL,2026-06-02 20:52,KATL 022052Z 07014G19KT 10SM -RA SCT034CB BKN100 BKN140 BKN200 25/18 A3008 RMK AO2 RAB27 SLP178 CB NW MOV SE TCU E DSNT SE S P0000 60000 T02500178 53001 $,10.00,SCT,3400.00,BKN,10000.00,BKN,14000.00,19.00,14.00,-RA
ATL,2026-06-02 21:52,KATL 022152Z 07011KT 10SM -RA FEW030 BKN080 BKN140 BKN200 23/19 A3009 RMK AO2 SLP184 CB DSNT SW P0001 T02280189 $,10.00,FEW,3000.00,BKN,8000.00,BKN,14000.00,M,11.00,-RA
ATL,2026-06-02 22:52,KATL 022252Z 07013KT 10SM FEW030 SCT075 BKN100 BKN200 23/18 A3010 RMK AO2 RAE2153 SLP184 CB DSNT S-SW P0000 T02280178 $,10.00,FEW,3000.00,SCT,7500.00,BKN,10000.00,M,13.00,M
ATL,2026-06-02 23:52,KATL 022352Z 07014KT 10SM FEW050 SCT070 22/16 A3012 RMK AO2 PK WND 06027/2321 SLP192 60001 T02220161 10283 20222 53012 $,10.00,FEW,5000.00,SCT,7000.00,M,M,M,14.00,M
ATL,2026-06-03 00:52,KATL 030052Z 07016KT 10SM FEW050 FEW200 21/14 A3015 RMK AO2 SLP203 T02110139 $,10.00,FEW,5000.00,FEW,20000.00,M,M,M,16.00,M
ATL,2026-06-03 01:52,KATL 030152Z 09009KT 10SM FEW060 FEW250 19/13 A3018 RMK AO2 SLP210 T01940128 $,10.00,FEW,6000.00,FEW,25000.00,M,M,M,9.00,M
ATL,2026-06-03 02:52,KATL 030252Z 08010KT 10SM FEW055 FEW250 19/11 A3021 RMK AO2 SLP222 T01890111 51029 $,10.00,FEW,5500.00,FEW,25000.00,M,M,M,10.00,M
ATL,2026-06-03 03:52,KATL 030352Z 08010KT 10SM FEW055 SCT250 18/11 A3021 RMK AO2 SLP224 T01830111 $,10.00,FEW,5500.00,SCT,25000.00,M,M,M,10.00,M
ATL,2026-06-03 04:52,KATL 030452Z 08011KT 10SM FEW055 SCT250 17/12 A3022 RMK AO2 SLP225 T01720117 402890172 $,10.00,FEW,5500.00,SCT,25000.00,M,M,M,11.00,M
ATL,2026-06-03 05:52,KATL 030552Z 07008KT 10SM FEW055 FEW250 17/12 A3022 RMK AO2 SLP227 T01670117 10222 20167 51005 $,10.00,FEW,5500.00,FEW,25000.00,M,M,M,8.00,M
ATL,2026-06-03 06:52,KATL 030652Z 08006KT 10SM FEW055 FEW250 16/12 A3023 RMK AO2 SLP230 T01610117 $,10.00,FEW,5500.00,FEW,25000.00,M,M,M,6.00,M
ATL,2026-06-03 07:52,KATL 030752Z 09007KT 10SM FEW200 15/11 A3023 RMK AO2 SLP229 T01500111 $,10.00,FEW,20000.00,M,M,M,M,M,7.00,M
ATL,2026-06-03 08:52,KATL 030852Z 09006KT 10SM FEW200 14/11 A3023 RMK AO2 SLP233 T01440106 52004 $,10.00,FEW,20000.00,M,M,M,M,M,6.00,M
ATL,2026-06-03 09:52,KATL 030952Z 08008KT 10SM FEW200 15/11 A3023 RMK AO2 SLP233 T01500106 $,10.00,FEW,20000.00,M,M,M,M,M,8.00,M
ATL,2026-06-03 10:52,KATL 031052Z 06008KT 10SM FEW200 16/11 A3025 RMK AO2 SLP237 T01560111 $,10.00,FEW,20000.00,M,M,M,M,M,8.00,M
ATL,2026-06-03 11:52,KATL 031152Z 07012KT 10SM FEW200 17/11 A3026 RMK AO2 SLP241 70001 T01670111 10167 20144 53008 $,10.00,FEW,20000.00,M,M,M,M,M,12.00,M
ATL,2026-06-03 12:52,KATL 031252Z 09011KT 10SM FEW200 FEW250 18/12 A3028 RMK AO2 SLP248 T01830122 $,10.00,FEW,20000.00,FEW,25000.00,M,M,M,11.00,M
ATL,2026-06-03 13:52,KATL 031352Z 08009KT 10SM FEW030 FEW250 20/13 A3030 RMK AO2 SLP256 T02000128 $,10.00,FEW,3000.00,FEW,25000.00,M,M,M,9.00,M
ATL,2026-06-03 14:52,KATL 031452Z 10007KT 10SM FEW036 FEW250 21/13 A3030 RMK AO2 SLP256 T02110133 51015 $,10.00,FEW,3600.00,FEW,25000.00,M,M,M,7.00,M
ATL,2026-06-03 15:52,KATL 031552Z 12011G16KT 10SM FEW038 FEW250 23/13 A3030 RMK AO2 SLP256 T02280128 $,10.00,FEW,3800.00,FEW,25000.00,M,M,16.00,11.00,M
ATL,2026-06-03 16:52,KATL 031652Z 11007KT 10SM FEW050 FEW250 24/12 A3029 RMK AO2 SLP252 T02390122 $,10.00,FEW,5000.00,FEW,25000.00,M,M,M,7.00,M
ATL,2026-06-03 17:52,KATL 031752Z 07012KT 10SM FEW055 FEW250 25/10 A3028 RMK AO2 SLP247 T02500100 10250 20167 58008 $,10.00,FEW,5500.00,FEW,25000.00,M,M,M,12.00,M
ATL,2026-06-03 18:52,KATL 031852Z 08007G15KT 10SM FEW060 FEW250 25/10 A3026 RMK AO2 SLP239 T02500100 $,10.00,FEW,6000.00,FEW,25000.00,M,M,15.00,7.00,M
ATL,2026-06-03 19:52,KATL 031952Z 06004KT 10SM FEW065 FEW250 26/09 A3024 RMK AO2 SLP235 T02560094 $,10.00,FEW,6500.00,FEW,25000.00,M,M,M,4.00,M
ATL,2026-06-03 20:52,KATL 032052Z 11007G15KT 10SM FEW070 FEW250 26/09 A3023 RMK AO2 SLP230 T02560089 56017 $,10.00,FEW,7000.00,FEW,25000.00,M,M,15.00,7.00,M
ATL,2026-06-03 21:52,KATL 032152Z 08008G15KT 10SM FEW250 26/08 A3022 RMK AO2 SLP227 T02560083 $,10.00,FEW,25000.00,M,M,M,M,15.00,8.00,M
ATL,2026-06-03 22:52,KATL 032252Z 09009KT 10SM FEW250 25/08 A3021 RMK AO2 SLP224 T02500083 $,10.00,FEW,25000.00,M,M,M,M,M,9.00,M
ATL,2026-06-03 23:52,KATL 032352Z 12009KT 10SM FEW250 24/09 A3021 RMK AO2 SLP225 T02440089 10261 20244 55005 $,10.00,FEW,25000.00,M,M,M,M,M,9.00,M
ATL,2026-06-04 00:52,KATL 040052Z 13006KT 10SM FEW250 23/10 A3023 RMK AO2 SLP229 T02280100 $,10.00,FEW,25000.00,M,M,M,M,M,6.00,M
ATL,2026-06-04 01:52,KATL 040152Z 12005KT 10SM CLR 22/10 A3024 RMK AO2 SLP232 T02170100 $,10.00,CLR,M,M,M,M,M,M,5.00,M
ATL,2026-06-04 02:52,KATL 040252Z 12005KT 10SM CLR 20/11 A3025 RMK AO2 SLP236 T02000111 51011 $,10.00,CLR,M,M,M,M,M,M,5.00,M
ATL,2026-06-04 03:52,KATL 040352Z COR 10003KT 10SM CLR 20/10 A3025 RMK AO2 SLP237 T02000100 $,10.00,CLR,M,M,M,M,M,M,3.00,M
ATL,2026-06-04 04:52,KATL 040452Z 12003KT 10SM CLR 19/11 A3025 RMK AO2 SLP237 T01890106 402610144 $,10.00,CLR,M,M,M,M,M,M,3.00,M
ATL,2026-06-04 05:52,KATL 040552Z 08004KT 10SM CLR 19/09 A3024 RMK AO2 SLP232 T01890094 10239 20183 58002 $,10.00,CLR,M,M,M,M,M,M,4.00,M
ATL,2026-06-04 06:52,KATL 040652Z 08003KT 10SM CLR 18/09 A3023 RMK AO2 SLP231 T01830094 $,10.00,CLR,M,M,M,M,M,M,3.00,M
ATL,2026-06-04 07:52,KATL 040752Z 07003KT 10SM CLR 17/10 A3022 RMK AO2 SLP227 T01720100 $,10.00,CLR,M,M,M,M,M,M,3.00,M
ATL,2026-06-04 08:52,KATL 040852Z 08003KT 10SM CLR 17/10 A3022 RMK AO2 SLP226 T01670100 56007 $,10.00,CLR,M,M,M,M,M,M,3.00,M
ATL,2026-06-04 09:52,KATL 040952Z 07003KT 10SM CLR 16/10 A3023 RMK AO2 SLP230 T01610100 $,10.00,CLR,M,M,M,M,M,M,3.00,M
ATL,2026-06-04 10:52,KATL 041052Z 08003KT 10SM CLR 16/09 A3025 RMK AO2 SLP238 T01610094,10.00,CLR,M,M,M,M,M,M,3.00,M
ATL,2026-06-04 11:52,KATL 041152Z 09003KT 10SM FEW250 19/09 A3027 RMK AO2 SLP244 T01890094 10189 20161 53017,10.00,FEW,25000.00,M,M,M,M,M,3.00,M
ATL,2026-06-04 12:52,KATL 041252Z 12003KT 10SM FEW250 21/10 A3028 RMK AO2 SLP246 T02110100,10.00,FEW,25000.00,M,M,M,M,M,3.00,M
ATL,2026-06-04 13:52,KATL 041352Z 09005KT 10SM FEW250 23/09 A3028 RMK AO2 SLP247 T02280094,10.00,FEW,25000.00,M,M,M,M,M,5.00,M
ATL,2026-06-04 14:52,KATL 041452Z 09006KT 10SM FEW200 25/07 A3028 RMK AO2 SLP246 T02500072 50003,10.00,FEW,20000.00,M,M,M,M,M,6.00,M
ATL,2026-06-04 15:52,KATL 041552Z VRB04KT 10SM FEW200 25/07 A3028 RMK AO2 SLP246 T02500072,10.00,FEW,20000.00,M,M,M,M,M,4.00,M
ATL,2026-06-04 16:52,KATL 041652Z 13009G15KT 10SM FEW200 26/08 A3026 RMK AO2 SLP240 T02610083,10.00,FEW,20000.00,M,M,M,M,15.00,9.00,M
ATL,2026-06-04 17:52,KATL 041752Z 15008KT 10SM FEW004 FEW250 27/08 A3024 RMK AO2 SLP232 FU FEW004 FU PLUME S T02670078 10267 20189 58014 $,10.00,FEW,400.00,FEW,25000.00,M,M,M,8.00,M
ATL,2026-06-04 18:14,KATL 041814Z 11007KT 10SM FEW200 FEW250 27/08 A3023 RMK AO2 T02670083 $,10.00,FEW,20000.00,FEW,25000.00,M,M,M,7.00,M
ATL,2026-06-04 18:52,KATL 041852Z 11008KT 10SM FEW200 FEW250 27/08 A3021 RMK AO2 SLP224 T02720083 $,10.00,FEW,20000.00,FEW,25000.00,M,M,M,8.00,M
ATL,2026-06-04 19:52,KATL 041952Z 12008G15KT 10SM FEW200 FEW250 27/09 A3020 RMK AO2 SLP218 T02720089 $,10.00,FEW,20000.00,FEW,25000.00,M,M,15.00,8.00,M
ATL,2026-06-04 20:52,KATL 042052Z 09007KT 10SM FEW200 FEW250 28/09 A3018 RMK AO2 SLP211 T02780089 56021 $,10.00,FEW,20000.00,FEW,25000.00,M,M,M,7.00,M
ATL,2026-06-04 21:52,KATL 042152Z VRB04KT 10SM FEW250 28/09 A3016 RMK AO2 SLP206 T02780089 $,10.00,FEW,25000.00,M,M,M,M,M,4.00,M
ATL,2026-06-04 22:52,KATL 042252Z 14006KT 10SM FEW250 27/09 A3015 RMK AO2 SLP202 T02720094 $,10.00,FEW,25000.00,M,M,M,M,M,6.00,M
ATL,2026-06-04 23:52,KATL 042352Z 15006KT 10SM FEW250 27/09 A3014 RMK AO2 SLP200 T02670094 10278 20261 56010 $,10.00,FEW,25000.00,M,M,M,M,M,6.00,M
ATL,2026-06-05 00:52,KATL 050052Z 15006KT 10SM FEW250 24/11 A3015 RMK AO2 SLP202 T02440106 $,10.00,FEW,25000.00,M,M,M,M,M,6.00,M
ATL,2026-06-05 01:52,KATL 050152Z 14005KT 10SM FEW250 23/11 A3016 RMK AO2 SLP204 T02280106 $,10.00,FEW,25000.00,M,M,M,M,M,5.00,M
ATL,2026-06-05 02:52,KATL 050252Z 16004KT 10SM FEW250 22/11 A3017 RMK AO2 SLP207 T02220106 53008 $,10.00,FEW,25000.00,M,M,M,M,M,4.00,M
ATL,2026-06-05 03:52,KATL 050352Z 00000KT 10SM FEW250 21/11 A3017 RMK AO2 SLP209 T02110111 $,10.00,FEW,25000.00,M,M,M,M,M,0.00,M
ATL,2026-06-05 04:52,KATL 050452Z 00000KT 10SM FEW250 21/11 A3017 RMK AO2 SLP206 T02110111 402780161 $,10.00,FEW,25000.00,M,M,M,M,M,0.00,M
ATL,2026-06-05 05:52,KATL 050552Z 00000KT 10SM FEW250 21/11 A3015 RMK AO2 SLP202 T02060111 10261 20206 58005 $,10.00,FEW,25000.00,M,M,M,M,M,0.00,M
ATL,2026-06-05 06:52,KATL 050652Z 00000KT 10SM FEW250 20/11 A3015 RMK AO2 SLP201 T02000106 $,10.00,FEW,25000.00,M,M,M,M,M,0.00,M
ATL,2026-06-05 07:52,KATL 050752Z 00000KT 10SM FEW250 19/11 A3015 RMK AO2 SLP201 T01940111 $,10.00,FEW,25000.00,M,M,M,M,M,0.00,M
ATL,2026-06-05 08:52,KATL 050852Z 00000KT 10SM SCT250 18/12 A3015 RMK AO2 SLP201 T01830117 57001 $,10.00,SCT,25000.00,M,M,M,M,M,0.00,M
ATL,2026-06-05 09:52,KATL 050952Z 00000KT 10SM BKN250 18/12 A3016 RMK AO2 SLP205 T01830122 $,10.00,BKN,25000.00,M,M,M,M,M,0.00,M
ATL,2026-06-05 10:52,KATL 051052Z 00000KT 10SM BKN250 18/12 A3018 RMK AO2 SLP212 T01830122 $,10.00,BKN,25000.00,M,M,M,M,M,0.00,M
ATL,2026-06-05 11:52,KATL 051152Z 00000KT 10SM FEW200 BKN250 20/13 A3019 RMK AO2 SLP215 T02000128 10206 20172 52014,10.00,FEW,20000.00,BKN,25000.00,M,M,M,0.00,M
ATL,2026-06-05 12:52,KATL 051252Z 22006KT 10SM FEW200 BKN250 21/14 A3019 RMK AO2 SLP216 T02110139,10.00,FEW,20000.00,BKN,25000.00,M,M,M,6.00,M
ATL,2026-06-05 13:52,KATL 051352Z 23006KT 10SM BKN250 24/15 A3019 RMK AO2 SLP216 T02390150,10.00,BKN,25000.00,M,M,M,M,M,6.00,M
ATL,2026-06-05 14:52,KATL 051452Z 21003KT 10SM FEW200 BKN250 26/14 A3019 RMK AO2 SLP215 T02560144 50000,10.00,FEW,20000.00,BKN,25000.00,M,M,M,3.00,M
ATL,2026-06-05 15:52,KATL 051552Z 17005KT 10SM FEW050 FEW200 BKN250 26/13 A3020 RMK AO2 SLP218 T02610133,10.00,FEW,5000.00,FEW,20000.00,BKN,25000.00,M,5.00,M
ATL,2026-06-05 16:52,KATL 051652Z VRB04KT 10SM FEW055 FEW200 SCT250 27/12 A3019 RMK AO2 SLP213 T02720122,10.00,FEW,5500.00,FEW,20000.00,SCT,25000.00,M,4.00,M
ATL,2026-06-05 17:52,KATL 051752Z VRB03KT 10SM FEW060 FEW200 SCT250 28/12 A3017 RMK AO2 SLP208 T02780122 10283 20200 58007 $,10.00,FEW,6000.00,FEW,20000.00,SCT,25000.00,M,3.00,M
ATL,2026-06-05 18:52,KATL 051852Z 20006KT 10SM FEW060 FEW200 BKN250 28/11 A3014 RMK AO2 SLP199 T02830111 $,10.00,FEW,6000.00,FEW,20000.00,BKN,25000.00,M,6.00,M
ATL,2026-06-05 19:52,KATL 051952Z 21005KT 10SM FEW200 BKN250 29/12 A3013 RMK AO2 SLP193 T02890122 $,10.00,FEW,20000.00,BKN,25000.00,M,M,M,5.00,M
ATL,2026-06-05 20:52,KATL 052052Z VRB05KT 10SM FEW200 BKN250 29/13 A3011 RMK AO2 SLP187 VIRGA DSNT W-NW T02940128 56021 $,10.00,FEW,20000.00,BKN,25000.00,M,M,M,5.00,M
ATL,2026-06-05 21:52,KATL 052152Z 16007KT 10SM FEW150 BKN200 BKN250 28/13 A3010 RMK AO2 SLP183 T02830128 $,10.00,FEW,15000.00,BKN,20000.00,BKN,25000.00,M,7.00,M
ATL,2026-06-05 22:52,KATL 052252Z 18005KT 10SM BKN200 BKN250 28/13 A3010 RMK AO2 SLP182 T02830128 $,10.00,BKN,20000.00,BKN,25000.00,M,M,M,5.00,M
ATL,2026-06-05 23:52,KATL 052352Z 20007KT 10SM SCT200 SCT250 28/13 A3010 RMK AO2 SLP182 T02780128 10300 20278 56004 $,10.00,SCT,20000.00,SCT,25000.00,M,M,M,7.00,M
ATL,2026-06-06 00:52,KATL 060052Z 19004KT 10SM FEW200 FEW250 26/14 A3010 RMK AO2 SLP182 T02610139 $,10.00,FEW,20000.00,FEW,25000.00,M,M,M,4.00,M
ATL,2026-06-06 01:52,KATL 060152Z 19003KT 10SM FEW200 25/14 A3010 RMK AO2 SLP184 T02500144 $,10.00,FEW,20000.00,M,M,M,M,M,3.00,M
ATL,2026-06-06 02:52,KATL 060252Z 18003KT 10SM FEW200 24/15 A3012 RMK AO2 SLP189 T02390150 53007 $,10.00,FEW,20000.00,M,M,M,M,M,3.00,M
ATL,2026-06-06 03:52,KATL 060352Z 00000KT 10SM FEW200 23/15 A3011 RMK AO2 SLP188 T02280150 $,10.00,FEW,20000.00,M,M,M,M,M,0.00,M
ATL,2026-06-06 04:52,KATL 060452Z 00000KT 10SM FEW200 22/15 A3010 RMK AO2 SLP183 T02220150 403000172 $,10.00,FEW,20000.00,M,M,M,M,M,0.00,M
ATL,2026-06-06 05:52,KATL 060552Z 00000KT 10SM SCT200 22/15 A3010 RMK AO2 SLP182 T02170150 10278 20217 58007 $,10.00,SCT,20000.00,M,M,M,M,M,0.00,M
ATL,2026-06-06 06:52,KATL 060652Z 00000KT 10SM SCT200 21/15 A3008 RMK AO2 SLP176 T02110150 $,10.00,SCT,20000.00,M,M,M,M,M,0.00,M
ATL,2026-06-06 07:52,KATL 060752Z 00000KT 10SM BKN200 21/15 A3008 RMK AO2 SLP174 T02060150 $,10.00,BKN,20000.00,M,M,M,M,M,0.00,M
ATL,2026-06-06 08:52,KATL 060852Z 00000KT 10SM BKN200 20/15 A3007 RMK AO2 SLP172 T02000150 56009 $,10.00,BKN,20000.00,M,M,M,M,M,0.00,M
ATL,2026-06-06 09:52,KATL 060952Z 00000KT 10SM BKN200 20/15 A3008 RMK AO2 SLP177 T02000150 $,10.00,BKN,20000.00,M,M,M,M,M,0.00,M
ATL,2026-06-06 10:52,KATL 061052Z 00000KT 10SM SCT200 BKN250 19/14 A3011 RMK AO2 SLP186 T01940144 $,10.00,SCT,20000.00,BKN,25000.00,M,M,M,0.00,M
ATL,2026-06-06 11:52,KATL 061152Z 19005KT 10SM SCT200 SCT250 20/16 A3013 RMK AO2 SLP193 T02000156 10217 20189 53019 $,10.00,SCT,20000.00,SCT,25000.00,M,M,M,5.00,M
ATL,2026-06-06 12:52,KATL 061252Z 22006KT 10SM SCT200 SCT250 22/17 A3015 RMK AO2 SLP199 T02220167 $,10.00,SCT,20000.00,SCT,25000.00,M,M,M,6.00,M
ATL,2026-06-06 13:52,KATL 061352Z 18003KT 10SM BKN250 25/18 A3015 RMK AO2 SLP201 T02500178 $,10.00,BKN,25000.00,M,M,M,M,M,3.00,M
ATL,2026-06-06 14:52,KATL 061452Z 21005KT 10SM BKN250 27/17 A3014 RMK AO2 SLP196 T02670172 50004 $,10.00,BKN,25000.00,M,M,M,M,M,5.00,M
ATL,2026-06-06 15:52,KATL 061552Z 16005KT 10SM BKN048 BKN250 28/15 A3013 RMK AO2 SLP193 T02830150 $,10.00,BKN,4800.00,BKN,25000.00,M,M,M,5.00,M
ATL,2026-06-06 16:52,KATL 061652Z 17007KT 10SM SCT060 SCT250 29/14 A3011 RMK AO2 SLP187 T02890144 $,10.00,SCT,6000.00,SCT,25000.00,M,M,M,7.00,M
ATL,2026-06-06 17:52,KATL 061752Z 19008KT 10SM SCT055 BKN250 29/14 A3009 RMK AO2 SLP180 T02890144 10294 20200 58016 $,10.00,SCT,5500.00,BKN,25000.00,M,M,M,8.00,M
ATL,2026-06-06 18:52,KATL 061852Z 17004KT 10SM SCT060 SCT200 BKN250 29/14 A3007 RMK AO2 SLP173 T02940139 $,10.00,SCT,6000.00,SCT,20000.00,BKN,25000.00,M,4.00,M
ATL,2026-06-06 19:52,KATL 061952Z 20007KT 10SM SCT060 BKN200 BKN250 30/16 A3007 RMK AO2 SLP172 T03000156 $,10.00,SCT,6000.00,BKN,20000.00,BKN,25000.00,M,7.00,M
ATL,2026-06-06 20:52,KATL 062052Z 22008KT 10SM FEW060 BKN200 BKN250 29/16 A3006 RMK AO2 SLP169 VIRGA DSNT SW-W T02890156 56012 $,10.00,FEW,6000.00,BKN,20000.00,BKN,25000.00,M,8.00,M
ATL,2026-06-06 21:52,KATL 062152Z 20007KT 160V220 10SM FEW060 BKN200 BKN250 29/15 A3005 RMK AO2 SLP167 VIRGA DSNT N SE-S SW-W T02890150 $,10.00,FEW,6000.00,BKN,20000.00,BKN,25000.00,M,7.00,M
ATL,2026-06-06 22:52,KATL 062252Z 16003KT 10SM FEW060 BKN200 BKN250 28/15 A3004 RMK AO2 SLP163 VIRGA OHD-W-N T02830150,10.00,FEW,6000.00,BKN,20000.00,BKN,25000.00,M,3.00,M
ATL,2026-06-06 23:52,KATL 062352Z 18006KT 10SM FEW060 SCT150 BKN200 BKN250 28/16 A3003 RMK AO2 SLP161 VIRGA DSNT ALQDS T02780156 10300 20278 57008,10.00,FEW,6000.00,SCT,15000.00,BKN,20000.00,M,6.00,M
ATL,2026-06-07 00:52,KATL 070052Z 18004KT 10SM FEW060 SCT150 BKN200 BKN250 27/16 A3003 RMK AO2 SLP160 VIRGA DSNT ALQDS T02670161,10.00,FEW,6000.00,SCT,15000.00,BKN,20000.00,M,4.00,M
ATL,2026-06-07 01:52,KATL 070152Z 19003KT 10SM FEW150 BKN200 BKN250 26/16 A3003 RMK AO2 SLP160 VIRGA DSNT E-S T02610156,10.00,FEW,15000.00,BKN,20000.00,BKN,25000.00,M,3.00,M
ATL,2026-06-07 02:52,KATL 070252Z 16003KT 10SM SCT200 BKN250 25/16 A3005 RMK AO2 SLP165 T02500161 53005,10.00,SCT,20000.00,BKN,25000.00,M,M,M,3.00,M
ATL,2026-06-07 03:52,KATL 070352Z 16003KT 10SM BKN250 24/17 A3005 RMK AO2 SLP166 T02390167 $,10.00,BKN,25000.00,M,M,M,M,M,3.00,M
ATL,2026-06-07 04:52,KATL 070452Z 00000KT 10SM BKN250 24/16 A3005 RMK AO2 SLP165 T02390161 403000189 $,10.00,BKN,25000.00,M,M,M,M,M,0.00,M
ATL,2026-06-07 05:52,KATL 070552Z 00000KT 10SM SCT200 BKN250 23/17 A3005 RMK AO2 SLP163 T02280167 10278 20228 58001 $,10.00,SCT,20000.00,BKN,25000.00,M,M,M,0.00,M
ATL,2026-06-07 06:52,KATL 070652Z 00000KT 10SM SCT200 BKN250 22/17 A3004 RMK AO2 SLP160 T02220167 $,10.00,SCT,20000.00,BKN,25000.00,M,M,M,0.00,M
ATL,2026-06-07 07:52,KATL 070752Z 13003KT 10SM FEW150 BKN200 BKN250 22/17 A3001 RMK AO2 SLP152 T02170167 $,10.00,FEW,15000.00,BKN,20000.00,BKN,25000.00,M,3.00,M
ATL,2026-06-07 08:52,KATL 070852Z 21003KT 10SM SCT049 BKN150 BKN200 22/17 A3003 RMK AO2 SLP157 T02170167 55006 $,10.00,SCT,4900.00,BKN,15000.00,BKN,20000.00,M,3.00,M
ATL,2026-06-07 09:52,KATL 070952Z 00000KT 10SM FEW050 SCT150 BKN200 BKN250 22/17 A3003 RMK AO2 SLP157 T02170167 $,10.00,FEW,5000.00,SCT,15000.00,BKN,20000.00,M,0.00,M
ATL,2026-06-07 10:52,KATL 071052Z 00000KT 10SM BKN055 BKN180 22/17 A3004 RMK AO2 SLP162 T02220172 $,10.00,BKN,5500.00,BKN,18000.00,M,M,M,0.00,M
ATL,2026-06-07 11:52,KATL 071152Z 21003KT 10SM BKN055 22/17 A3005 RMK AO2 SLP167 T02220172 10228 20217 53009 $,10.00,BKN,5500.00,M,M,M,M,M,3.00,M
ATL,2026-06-07 12:52,KATL 071252Z 00000KT 10SM BKN050 23/19 A3007 RMK AO2 SLP173 VIRGA OHD-NW T02280189 $,10.00,BKN,5000.00,M,M,M,M,M,0.00,M
ATL,2026-06-07 13:52,KATL 071352Z 23006KT 10SM SCT055 BKN080 OVC150 24/20 A3007 RMK AO2 SLP174 VIRGA W-N T02440200 $,10.00,SCT,5500.00,BKN,8000.00,OVC,15000.00,M,6.00,M
ATL,2026-06-07 14:52,KATL 071452Z 22004KT 10SM BKN055 BKN070 OVC150 26/21 A3008 RMK AO2 SLP174 VIRGA N T02560206 51007 $,10.00,BKN,5500.00,BKN,7000.00,OVC,15000.00,M,4.00,M
ATL,2026-06-07 15:52,KATL 071552Z 22004KT 10SM FEW025 BKN075 BKN150 OVC200 27/20 A3007 RMK AO2 SLP171 VIRGA OHD-N-E MDT CU DSNT S W T02720200 $,10.00,FEW,2500.00,BKN,7500.00,BKN,15000.00,M,4.00,M
ATL,2026-06-07 16:52,KATL 071652Z 16008KT 10SM SCT030 SCT065 BKN150 OVC200 28/20 A3006 RMK AO2 SLP168 VIRGA N-E MDT CU W-NW T02780200 $,10.00,SCT,3000.00,SCT,6500.00,BKN,15000.00,M,8.00,M
ATL,2026-06-07 17:52,KATL 071752Z 20004KT 10SM FEW032 BKN075 OVC150 28/19 A3005 RMK AO2 SLP164 VIRGA OHD-ALQDS CB DSNT W-NW MOV NE MDT CU NW-N T02830189 10283 20222 58010 $,10.00,FEW,3200.00,BKN,7500.00,OVC,15000.00,M,4.00,M
ATL,2026-06-07 18:52,KATL 071852Z 21007KT 10SM FEW040 BKN085 OVC150 29/18 A3003 RMK AO2 SLP160 VIRGA OHD-ALQDS CB DSNT N W MOV NE TCU DSNT E S SW T02890178 $,10.00,FEW,4000.00,BKN,8500.00,OVC,15000.00,M,7.00,M
ATL,2026-06-07 19:52,KATL 071952Z 28007KT 10SM FEW030 BKN090 OVC150 28/20 A3003 RMK AO2 SLP158 CB DSNT N SW MOV NE TCU DSNT E SHRA W-N T02830200 $,10.00,FEW,3000.00,BKN,9000.00,OVC,15000.00,M,7.00,M
ATL,2026-06-07 20:52,KATL 072052Z 27009KT 7SM -RA FEW022 BKN070 BKN110 OVC150 25/22 A3002 RMK AO2 RAB46 SLP158 CB DSNT SW MOV NE P0000 60000 T02500222 56007 $,7.00,FEW,2200.00,BKN,7000.00,BKN,11000.00,M,9.00,-RA
ATL,2026-06-07 21:52,KATL 072152Z 23005KT 10SM -RA FEW012 FEW050 BKN065 OVC150 24/22 A3002 RMK AO2 RAE34B50 SLP158 PCPN VRY LGT P0003 T02440222 $,10.00,FEW,1200.00,FEW,5000.00,BKN,6500.00,M,5.00,-RA
ATL,2026-06-07 22:52,KATL 072252Z 26003KT 9SM -RA FEW015 FEW050 BKN110 OVC150 24/22 A3002 RMK AO2 SLP157 PCPN VRY LGT P0000 T02390217 $,9.00,FEW,1500.00,FEW,5000.00,BKN,11000.00,M,3.00,-RA
ATL,2026-06-07 23:52,KATL 072352Z 28003KT 10SM -RA FEW055 SCT080 SCT100 OVC150 23/21 A3004 RMK AO2 SLP163 RAE28B45 PCPN VRY LGT P0001 60004 T02330211 10289 20233 53004 $,10.00,FEW,5500.00,SCT,8000.00,SCT,10000.00,M,3.00,-RA
ATL,2026-06-08 00:52,KATL 080052Z 00000KT 10SM -RA FEW050 FEW075 BKN120 OVC150 24/20 A3004 RMK AO2 SLP162 PCPN VRY LGT P0000 T02390200 $,10.00,FEW,5000.00,FEW,7500.00,BKN,12000.00,M,0.00,-RA
ATL,2026-06-08 01:52,KATL 080152Z COR 23006KT 10SM -RA FEW075 BKN130 OVC160 23/21 A3006 RMK AO2 SLP170 PCPN VRY LGT P0000 T02280206 $,10.00,FEW,7500.00,BKN,13000.00,OVC,16000.00,M,6.00,-RA
ATL,2026-06-08 02:52,KATL 080252Z 26007KT 9SM -RA FEW075 BKN120 OVC160 22/21 A3009 RMK AO2 SLP179 P0002 60002 T02220206 53017 $,9.00,FEW,7500.00,BKN,12000.00,OVC,16000.00,M,7.00,-RA
ATL,2026-06-08 03:52,KATL 080352Z 24004KT 10SM -RA FEW010 SCT110 OVC140 22/20 A3009 RMK AO2 SLP178 PCPN VRY LGT P0001 T02220200 $,10.00,FEW,1000.00,SCT,11000.00,OVC,14000.00,M,4.00,-RA
ATL,2026-06-08 04:52,KATL 080452Z 24004KT 10SM -RA FEW008 BKN120 OVC150 22/20 A3009 RMK AO2 SLP181 PCPN VRY LGT P0000 T02170200 402890217 $,10.00,FEW,800.00,BKN,12000.00,OVC,15000.00,M,4.00,-RA
ATL,2026-06-08 05:52,KATL 080552Z 22004KT 10SM SCT120 OVC150 22/19 A3008 RMK AO2 RAE07 SLP177 P0000 60003 T02170194 10239 20217 58001 $,10.00,SCT,12000.00,OVC,15000.00,M,M,M,4.00,M
ATL,2026-06-08 06:52,KATL 080652Z 22003KT 10SM FEW060 OVC130 22/19 A3008 RMK AO2 SLP174 T02170194 $,10.00,FEW,6000.00,OVC,13000.00,M,M,M,3.00,M
ATL,2026-06-08 07:52,KATL 080752Z 24003KT 10SM FEW050 OVC130 21/19 A3007 RMK AO2 SLP174 T02110194 $,10.00,FEW,5000.00,OVC,13000.00,M,M,M,3.00,M
ATL,2026-06-08 08:52,KATL 080852Z 22004KT 10SM FEW055 OVC130 21/19 A3008 RMK AO2 SLP176 T02110194 55002 $,10.00,FEW,5500.00,OVC,13000.00,M,M,M,4.00,M
ATL,2026-06-08 09:52,KATL 080952Z 26004KT 10SM SCT060 OVC140 22/19 A3009 RMK AO2 SLP179 T02170194 $,10.00,SCT,6000.00,OVC,14000.00,M,M,M,4.00,M
ATL,2026-06-08 10:52,KATL 081052Z 28005KT 10SM BKN060 OVC140 22/19 A3011 RMK AO2 SLP187 SHRA W T02170194,10.00,BKN,6000.00,OVC,14000.00,M,M,M,5.00,M
ATL,2026-06-08 11:52,KATL 081152Z 23004KT 10SM FEW060 BKN075 OVC150 22/20 A3012 RMK AO2 SLP193 70007 T02220200 10222 20211 53015,10.00,FEW,6000.00,BKN,7500.00,OVC,15000.00,M,4.00,M
ATL,2026-06-08 12:52,KATL 081252Z 00000KT 8SM -RA FEW040 SCT075 OVC100 23/21 A3014 RMK AO2 RAB44 SLP198 PCPN VRY LGT P0000 T02280206,8.00,FEW,4000.00,SCT,7500.00,OVC,10000.00,M,0.00,-RA
ATL,2026-06-08 13:41,KATL 081341Z 27003KT 7SM -RA BKN007 BKN047 OVC100 23/21 A3015 RMK AO2 CIG 006V009 P0000 T02280211,7.00,BKN,700.00,BKN,4700.00,OVC,10000.00,M,3.00,-RA
ATL,2026-06-08 13:52,KATL 081352Z 31003KT 8SM BKN007 BKN047 OVC100 23/21 A3015 RMK AO2 RAE47 SLP202 CIG 006V009 P0000 T02330211,8.00,BKN,700.00,BKN,4700.00,OVC,10000.00,M,3.00,M
ATL,2026-06-08 14:20,KATL 081420Z VRB03KT 9SM SCT006 SCT075 BKN110 OVC200 24/22 A3015 RMK AO2 T02390217,9.00,SCT,600.00,SCT,7500.00,BKN,11000.00,M,3.00,M
ATL,2026-06-08 14:52,KATL 081452Z 29005KT 8SM BKN008 BKN075 BKN110 OVC200 25/22 A3015 RMK AO2 SLP202 CIG 007V010 60000 T02500217 50009,8.00,BKN,800.00,BKN,7500.00,BKN,11000.00,M,5.00,M
ATL,2026-06-08 15:10,KATL 081510Z 29003KT 8SM BKN010 BKN075 OVC110 25/22 A3015 RMK AO2 CIG 009V012 T02500217,8.00,BKN,1000.00,BKN,7500.00,OVC,11000.00,M,3.00,M
ATL,2026-06-08 15:52,KATL 081552Z 23003KT 9SM BKN014 BKN033 BKN075 OVC130 26/22 A3015 RMK AO2 SLP202 CIG 012V016 T02610222,9.00,BKN,1400.00,BKN,3300.00,BKN,7500.00,M,3.00,M
ATL,2026-06-08 16:52,KATL 081652Z 31006KT 9SM BKN016 BKN036 BKN080 OVC140 27/22 A3016 RMK AO2 SLP203 TCU DSNT W NW MDT CU ALQDS T02670222,9.00,BKN,1600.00,BKN,3600.00,BKN,8000.00,M,6.00,M
ATL,2026-06-08 17:52,KATL 081752Z 00000KT 10SM SCT021TCU BKN055 BKN110 OVC200 27/22 A3014 RMK AO2 SLP198 CB DSNT W-NW TCU NE E DSNT SW-NW SHRA E 60000 T02720222 10278 20222 58003,10.00,SCT,2100.00,BKN,5500.00,BKN,11000.00,M,0.00,M
ATL,2026-06-08 18:11,KATL 081811Z VRB03KT 10SM TS FEW021CB SCT048 BKN100 OVC200 27/22 A3014 RMK AO2 TSB11 OCNL LTGICCA VC W-NW TS VC W-NW MOV E TCU SE SW-NW SHRA SE SW-NW T02720217,10.00,FEW,2100.00,SCT,4800.00,BKN,10000.00,M,3.00,TS
ATL,2026-06-08 18:52,KATL 081852Z VRB04KT 9SM -TSRA FEW020CB SCT048 BKN100 OVC200 27/22 A3014 RMK AO2 RAB48 TSB11 SLP198 OCNL LTGICCA VC E-SE NW TS VC E-SE NW MOV E CB DSNT SE NW P0000 T02720222,9.00,FEW,2000.00,SCT,4800.00,BKN,10000.00,M,4.00,-TSRA
ATL,2026-06-08 19:05,KATL 081905Z 30009KT 10SM -RA SCT022TCU BKN048 BKN100 OVC200 25/22 A3014 RMK AO2 TSE05 TS DSIPTD TCU NE-OHD-SW CB DSNT NE SE NW P0000 T02500222,10.00,SCT,2200.00,BKN,4800.00,BKN,10000.00,M,9.00,-RA
ATL,2026-06-08 19:52,KATL 081952Z 29006KT 5SM -RA BR FEW010 SCT033TCU BKN080 OVC130 24/22 A3013 RMK AO2 TSE05 SLP196 TS DSIPTD CB DSNT N-E TCU SE-S P0003 T02390222,5.00,FEW,1000.00,SCT,3300.00,BKN,8000.00,M,6.00,-RA BR
ATL,2026-06-08 20:52,KATL 082052Z 30004KT 7SM -RA FEW010 SCT080 BKN140 OVC200 25/23 A3014 RMK AO2 SLP197 CB DSNT N E SE P0004 60007 T02500228 55001,7.00,FEW,1000.00,SCT,8000.00,BKN,14000.00,M,4.00,-RA
ATL,2026-06-08 21:52,KATL 082152Z 00000KT 10SM FEW010 SCT075 BKN140 OVC200 26/22 A3014 RMK AO2 RAE32 SLP196 P0003 T02560222 $,10.00,FEW,1000.00,SCT,7500.00,BKN,14000.00,M,0.00,M
ATL,2026-06-08 22:52,KATL 082252Z 00000KT 10SM FEW010 BKN080 BKN140 OVC200 26/23 A3015 RMK AO2 SLP200 CB DSNT NW T02560228 $,10.00,FEW,1000.00,BKN,8000.00,BKN,14000.00,M,0.00,M
ATL,2026-06-08 23:52,KATL 082352Z 00000KT 9SM FEW007 SCT080 BKN120 OVC200 25/23 A3016 RMK AO2 SLP203 60010 T02500228 10272 20239 53006 $,9.00,FEW,700.00,SCT,8000.00,BKN,12000.00,M,0.00,M
ATL,2026-06-09 00:52,KATL 090052Z 09005KT 8SM -RA FEW005 SCT050 BKN110 OVC150 24/23 A3017 RMK AO2 RAB50 SLP208 P0000 T02440228 $,8.00,FEW,500.00,SCT,5000.00,BKN,11000.00,M,5.00,-RA
ATL,2026-06-09 01:52,KATL 090152Z 12004KT 4SM RA BR FEW005 SCT060 BKN100 OVC150 24/23 A3019 RMK AO2 SLP213 P0011 T02440228 $,4.00,FEW,500.00,SCT,6000.00,BKN,10000.00,M,4.00,RA BR
ATL,2026-06-09 02:52,KATL 090252Z 00000KT 3SM RA BR FEW005 FEW020 BKN080 OVC150 24/23 A3020 RMK AO2 SLP217 CB DSNT SW P0014 60025 T02390228 51013 $,3.00,FEW,500.00,FEW,2000.00,BKN,8000.00,M,0.00,RA BR
ATL,2026-06-09 03:52,KATL 090352Z 16003KT 5SM -RA BR FEW006 BKN090 BKN120 OVC150 24/22 A3019 RMK AO2 SLP213 P0012 T02390222 $,5.00,FEW,600.00,BKN,9000.00,BKN,12000.00,M,3.00,-RA BR
ATL,2026-06-09 04:33,KATL 090433Z 15003KT 1SM BR SCT003 BKN007 BKN100 OVC150 24/23 A3018 RMK AO2 SFC VIS 6 RAE32 P0003 T02390228 $,1.00,SCT,300.00,BKN,700.00,BKN,10000.00,M,3.00,BR
ATL,2026-06-09 04:52,KATL 090452Z 16003KT 7SM SCT004 BKN110 BKN150 OVC200 23/22 A3017 RMK AO2 RAE32 SLP206 P0003 T02330222 402780211 $,7.00,SCT,400.00,BKN,11000.00,BKN,15000.00,M,3.00,M
ATL,2026-06-09 05:52,KATL 090552Z 16004KT 5SM -RA BR BKN004 OVC120 23/22 A3017 RMK AO2 RAB50 SLP205 CIG 003V005 P0000 60040 T02330222 10250 20233 56010 $,5.00,BKN,400.00,OVC,12000.00,M,M,M,4.00,-RA BR
ATL,2026-06-09 06:52,KATL 090652Z 00000KT 5SM -RA BR SCT003 BKN007 OVC110 23/22 A3017 RMK AO2 SLP206 CIG 005V009 PCPN VRY LGT P0000 T02330222 $,5.00,SCT,300.00,BKN,700.00,OVC,11000.00,M,0.00,-RA BR
ATL,2026-06-09 07:33,KATL 090733Z 16003KT 6SM BR SCT005 OVC090 23/22 A3016 RMK AO2 RAE0656 SCT005 V BKN P0000 T02280217 $,6.00,SCT,500.00,OVC,9000.00,M,M,M,3.00,BR
ATL,2026-06-09 07:52,KATL 090752Z 18004KT 8SM FEW005 OVC095 23/22 A3016 RMK AO2 RAE0656 SLP205 P0000 T02280217 $,8.00,FEW,500.00,OVC,9500.00,M,M,M,4.00,M
ATL,2026-06-09 08:52,KATL 090852Z 00000KT 8SM FEW005 BKN080 OVC110 23/22 A3018 RMK AO2 SLP211 60000 T02280217 53005 $,8.00,FEW,500.00,BKN,8000.00,OVC,11000.00,M,0.00,M
ATL,2026-06-09 09:52,KATL 090952Z 12003KT 10SM FEW007 BKN060 OVC080 23/21 A3020 RMK AO2 SLP217 T02330211 $,10.00,FEW,700.00,BKN,6000.00,OVC,8000.00,M,3.00,M
ATL,2026-06-09 10:52,KATL 091052Z 00000KT 8SM FEW007 SCT037 OVC060 23/21 A3022 RMK AO2 SLP226 SHRA NW T02330211 $,8.00,FEW,700.00,SCT,3700.00,OVC,6000.00,M,0.00,M
ATL,2026-06-09 11:52,KATL 091152Z 15003KT 7SM FEW009 SCT023 BKN075 BKN130 23/21 A3023 RMK AO2 RAB18E52 SLP227 SHRA NE P0014 60014 70064 T02280206 10233 20228 51015,7.00,FEW,900.00,SCT,2300.00,BKN,7500.00,M,3.00,M
ATL,2026-06-09 12:52,KATL 091252Z 17003KT 10SM FEW007 FEW025 BKN075 BKN130 23/21 A3023 RMK AO2 SLP230 SHRA DSNT N-NE T02330211,10.00,FEW,700.00,FEW,2500.00,BKN,7500.00,M,3.00,M
ATL,2026-06-09 13:52,KATL 091352Z 16003KT 8SM FEW008 FEW075 SCT130 BKN200 24/22 A3023 RMK AO2 SLP228 ACC E-SE T02440217,8.00,FEW,800.00,FEW,7500.00,SCT,13000.00,M,3.00,M
ATL,2026-06-09 14:52,KATL 091452Z 18005KT 10SM FEW016 FEW050 BKN150 BKN200 26/22 A3023 RMK AO2 SLP228 TCU DSNT SW-NW ACC E-SE SW T02560217 51002,10.00,FEW,1600.00,FEW,5000.00,BKN,15000.00,M,5.00,M
ATL,2026-06-09 15:52,KATL 091552Z 14005KT 10SM SCT016TCU BKN048 OVC140 26/22 A3023 RMK AO2 SLP227 TCU SW-NW DSNT S-SW BINOVC T02610222 $,10.00,SCT,1600.00,BKN,4800.00,OVC,14000.00,M,5.00,M
ATL,2026-06-09 16:10,KATL 091610Z 12003KT 10SM BKN018TCU BKN048 OVC140 27/22 A3023 RMK AO2 CB DSNT SE S NW TCU SW-NW T02670222 $,10.00,BKN,1800.00,BKN,4800.00,OVC,14000.00,M,3.00,M
ATL,2026-06-09 16:52,KATL 091652Z 17005KT 10SM BKN021TCU BKN048 OVC140 27/22 A3022 RMK AO2 SLP223 TCU S-SW W-NW MDT CU ALQDS BINOVC T02670222 $,10.00,BKN,2100.00,BKN,4800.00,OVC,14000.00,M,5.00,M
ATL,2026-06-09 17:52,KATL 091752Z 12006KT 10SM SCT023TCU BKN055 BKN140 BKN200 27/22 A3021 RMK AO2 SLP219 CB DSNT S NW TCU SW NW DSNT NE T02720222 10278 20228 58008 $,10.00,SCT,2300.00,BKN,5500.00,BKN,14000.00,M,6.00,M
ATL,2026-06-09 18:52,KATL 091852Z 12006KT 10SM SCT023TCU SCT055 BKN140 BKN200 28/22 A3020 RMK AO2 SLP216 CB DSNT N SE SW NW MOV SE TCU SE S MDT CU NE SW T02780217 $,10.00,SCT,2300.00,SCT,5500.00,BKN,14000.00,M,6.00,M
ATL,2026-06-09 19:52,KATL 091952Z 16008KT 10SM FEW025CB FEW060 SCT140 BKN200 27/22 A3019 RMK AO2 SLP212 CB W-NW DSNT NE S SW MOV SE TCU NW SHRA W-NW T02720222 $,10.00,FEW,2500.00,FEW,6000.00,SCT,14000.00,M,8.00,M
ATL,2026-06-09 20:52,KATL 092052Z 14008KT 10SM FEW025 FEW060 SCT140 BKN200 27/22 A3016 RMK AO2 SLP202 CB DSNT S SW TCU DSNT NE MDT CU NE T02720222 58016 $,10.00,FEW,2500.00,FEW,6000.00,SCT,14000.00,M,8.00,M
ATL,2026-06-09 21:52,KATL 092152Z 14010KT 10SM SCT025 BKN200 28/22 A3014 RMK AO2 SLP195 TCU DSNT SE T02780222 $,10.00,SCT,2500.00,BKN,20000.00,M,M,M,10.00,M
ATL,2026-06-09 22:52,KATL 092252Z 16009KT 10SM FEW025TCU SCT150 SCT200 28/22 A3013 RMK AO2 SLP193 TCU S-SW DSNT SE T02780222 $,10.00,FEW,2500.00,SCT,15000.00,SCT,20000.00,M,9.00,M
ATL,2026-06-09 23:52,KATL 092352Z 18008KT 10SM FEW020TCU SCT065 SCT200 27/22 A3015 RMK AO2 SLP201 CB DSNT NW-N TCU NE T02670217 10289 20267 55002 $,10.00,FEW,2000.00,SCT,6500.00,SCT,20000.00,M,8.00,M
ATL,2026-06-10 00:52,KATL 100052Z 18004KT 10SM FEW020 SCT090 BKN120 BKN200 25/22 A3016 RMK AO2 SLP203 OCNL LTGIC DSNT NW-N CB DSNT NW-N T02500217 $,10.00,FEW,2000.00,SCT,9000.00,BKN,12000.00,M,4.00,M
ATL,2026-06-10 01:52,KATL 100152Z COR 19003KT 10SM FEW045 BKN140 BKN200 25/21 A3016 RMK AO2 SLP204 OCNL LTGIC DSNT NW-N CB DSNT NW-N T02500211 $,10.00,FEW,4500.00,BKN,14000.00,BKN,20000.00,M,3.00,M
ATL,2026-06-10 02:52,KATL 100252Z 00000KT 10SM FEW045 SCT070 BKN140 BKN200 24/21 A3016 RMK AO2 SLP202 CB DSNT N-NE T02440211 50001 $,10.00,FEW,4500.00,SCT,7000.00,BKN,14000.00,M,0.00,M
ATL,2026-06-10 03:52,KATL 100352Z 00000KT 10SM FEW150 FEW200 24/21 A3013 RMK AO2 SLP194 T02390211 $,10.00,FEW,15000.00,FEW,20000.00,M,M,M,0.00,M
ATL,2026-06-10 04:52,KATL 100452Z 17004KT 10SM FEW150 SCT200 23/21 A3010 RMK AO2 SLP183 T02330211 402890228 $,10.00,FEW,15000.00,SCT,20000.00,M,M,M,4.00,M
ATL,2026-06-10 05:52,KATL 100552Z 18006KT 10SM FEW180 23/21 A3009 RMK AO2 SLP180 T02280211 10267 20228 56021 $,10.00,FEW,18000.00,M,M,M,M,M,6.00,M
ATL,2026-06-10 06:52,KATL 100652Z 26003KT 10SM SCT180 23/21 A3012 RMK AO2 SLP188 T02280206 $,10.00,SCT,18000.00,M,M,M,M,M,3.00,M
ATL,2026-06-10 07:52,KATL 100752Z 00000KT 10SM BKN065 23/21 A3011 RMK AO2 SLP188 T02280211 $,10.00,BKN,6500.00,M,M,M,M,M,0.00,M
ATL,2026-06-10 08:52,KATL 100852Z 00000KT 10SM FEW065 SCT130 BKN200 23/21 A3011 RMK AO2 SLP186 T02330206 50006 $,10.00,FEW,6500.00,SCT,13000.00,BKN,20000.00,M,0.00,M
ATL,2026-06-10 09:52,KATL 100952Z 00000KT 10SM FEW065 SCT130 BKN200 23/21 A3012 RMK AO2 SLP188 T02280206 $,10.00,FEW,6500.00,SCT,13000.00,BKN,20000.00,M,0.00,M
ATL,2026-06-10 10:52,KATL 101052Z 13003KT 8SM BKN050 BKN065 BKN130 BKN200 22/21 A3014 RMK AO2 SLP197 T02220211 $,8.00,BKN,5000.00,BKN,6500.00,BKN,13000.00,M,3.00,M
ATL,2026-06-10 11:52,KATL 101152Z 13003KT 8SM SCT044 SCT065 BKN090 BKN130 BKN200 23/22 A3014 RMK AO2 SLP196 T02280217 10233 20222 50009 $,8.00,SCT,4400.00,SCT,6500.00,BKN,9000.00,M,3.00,M
ATL,2026-06-10 12:52,KATL 101252Z 00000KT 10SM SCT042 SCT070 BKN090 BKN150 BKN200 24/21 A3015 RMK AO2 SLP199 T02440211 $,10.00,SCT,4200.00,SCT,7000.00,BKN,9000.00,M,0.00,M
ATL,2026-06-10 13:52,KATL 101352Z 21004KT 10SM SCT055 SCT075 BKN140 BKN200 26/21 A3015 RMK AO2 SLP199 ACC ALQDS MDT CU W T02610211 $,10.00,SCT,5500.00,SCT,7500.00,BKN,14000.00,M,4.00,M
ATL,2026-06-10 14:52,KATL 101452Z 22004KT 10SM FEW018 SCT050 BKN080 BKN140 BKN200 27/22 A3014 RMK AO2 SLP197 ACC ALQDS SHRA DSNT N T02670217 50001 $,10.00,FEW,1800.00,SCT,5000.00,BKN,8000.00,M,4.00,M
ATL,2026-06-10 15:52,KATL 101552Z VRB03KT 10SM FEW025TCU SCT048 SCT080 BKN140 BKN200 28/22 A3014 RMK AO2 SLP194 CB DSNT NW TCU S DSNT E NW ACC NE SE T02780217 $,10.00,FEW,2500.00,SCT,4800.00,SCT,8000.00,M,3.00,M
ATL,2026-06-10 16:52,KATL 101652Z 24005KT 10SM SCT028TCU BKN055 BKN080 BKN200 29/22 A3013 RMK AO2 SLP191 TCU ALQDS MDT CU ALQDS SHRA E T02890217 $,10.00,SCT,2800.00,BKN,5500.00,BKN,8000.00,M,5.00,M
ATL,2026-06-10 17:52,KATL 101752Z 18007KT 10SM SCT034TCU SCT060 SCT100 BKN200 29/22 A3010 RMK AO2 SLP183 CB DSNT NW TCU E SW DSNT ALQDS MDT CU ALQDS T02940217 10300 20228 58013 $,10.00,SCT,3400.00,SCT,6000.00,SCT,10000.00,M,7.00,M
ATL,2026-06-10 18:52,KATL 101852Z 20007KT 10SM FEW038TCU SCT060 SCT110 BKN250 31/22 A3008 RMK AO2 SLP174 CB DSNT NE TCU N SE SW NW MDT CU ALQDS T03060217 $,10.00,FEW,3800.00,SCT,6000.00,SCT,11000.00,M,7.00,M
ATL,2026-06-10 19:52,KATL 101952Z 20007KT 10SM SCT040TCU SCT070 SCT110 BKN250 31/21 A3005 RMK AO2 SLP165 TCU NE S SW-W DSNT SE NW MDT CU ALQDS T03110211 $,10.00,SCT,4000.00,SCT,7000.00,SCT,11000.00,M,7.00,M
ATL,2026-06-10 20:52,KATL 102052Z 23007KT 10SM SCT042TCU SCT085 SCT120 BKN250 31/21 A3003 RMK AO2 SLP158 CB DSNT E TCU OHD-NE SW DSNT NE SE W T03110211 56024 $,10.00,SCT,4200.00,SCT,8500.00,SCT,12000.00,M,7.00,M
ATL,2026-06-10 21:52,KATL 102152Z 23008KT 10SM SCT042TCU SCT075 BKN110 BKN250 31/22 A3001 RMK AO2 SLP152 TCU W-N-NE T03110217 $,10.00,SCT,4200.00,SCT,7500.00,BKN,11000.00,M,8.00,M
ATL,2026-06-10 22:52,KATL 102252Z 23008KT 10SM SCT045TCU SCT080 BKN110 BKN250 29/21 A3000 RMK AO2 SLP150 TCU NE-OHD-W T02890206 $,10.00,SCT,4500.00,SCT,8000.00,BKN,11000.00,M,8.00,M
ATL,2026-06-10 23:52,KATL 102352Z 23006KT 10SM FEW045TCU SCT060 SCT090 29/21 A3001 RMK AO2 SLP149 TCU N-NE E-SE T02940211 10317 20289 55008 $,10.00,FEW,4500.00,SCT,6000.00,SCT,9000.00,M,6.00,M
ATL,2026-06-11 00:52,KATL 110052Z 21005KT 10SM FEW045TCU FEW070 28/22 A3001 RMK AO2 SLP152 TCU NE T02830217 $,10.00,FEW,4500.00,FEW,7000.00,M,M,M,5.00,M
ATL,2026-06-11 01:52,KATL 110152Z 22003KT 10SM FEW070 27/22 A3001 RMK AO2 SLP152 T02720222 $,10.00,FEW,7000.00,M,M,M,M,M,3.00,M
ATL,2026-06-11 02:52,KATL 110252Z 00000KT 10SM CLR 27/22 A3003 RMK AO2 SLP159 T02670222 53009 $,10.00,CLR,M,M,M,M,M,M,0.00,M
ATL,2026-06-11 03:52,KATL 110352Z 22003KT 10SM CLR 26/22 A3004 RMK AO2 SLP160 T02610222 $,10.00,CLR,M,M,M,M,M,M,3.00,M
ATL,2026-06-11 04:52,KATL 110452Z 20005KT 10SM CLR 26/22 A3003 RMK AO2 SLP157 T02560217 403170222 $,10.00,CLR,M,M,M,M,M,M,5.00,M
ATL,2026-06-11 05:52,KATL 110552Z 22003KT 10SM CLR 25/22 A3002 RMK AO2 SLP154 T02500217 10294 20250 58005 $,10.00,CLR,M,M,M,M,M,M,3.00,M
ATL,2026-06-11 06:52,KATL 110652Z 23003KT 10SM FEW040 FEW050 24/22 A3002 RMK AO2 SLP152 T02440217 $,10.00,FEW,4000.00,FEW,5000.00,M,M,M,3.00,M
ATL,2026-06-11 07:52,KATL 110752Z 22004KT 10SM FEW040 FEW050 24/21 A3002 RMK AO2 SLP152 T02440211 $,10.00,FEW,4000.00,FEW,5000.00,M,M,M,4.00,M
ATL,2026-06-11 08:52,KATL 110852Z 00000KT 10SM FEW040 SCT050 24/21 A3003 RMK AO2 SLP157 T02440211 53003 $,10.00,FEW,4000.00,SCT,5000.00,M,M,M,0.00,M
ATL,2026-06-11 09:52,KATL 110952Z 20003KT 10SM FEW045 FEW060 24/21 A3003 RMK AO2 SLP157 T02390211 $,10.00,FEW,4500.00,FEW,6000.00,M,M,M,3.00,M
ATL,2026-06-11 10:52,KATL 111052Z 00000KT 10SM FEW050 FEW070 24/21 A3004 RMK AO2 SLP162 T02440211 $,10.00,FEW,5000.00,FEW,7000.00,M,M,M,0.00,M
ATL,2026-06-11 11:52,KATL 111152Z 22003KT 10SM FEW070 25/22 A3005 RMK AO2 SLP166 T02500217 10250 20239 53008 $,10.00,FEW,7000.00,M,M,M,M,M,3.00,M
ATL,2026-06-11 12:52,KATL 111252Z 25004KT 10SM FEW040 FEW050 28/22 A3005 RMK AO2 SLP164 T02780217 $,10.00,FEW,4000.00,FEW,5000.00,M,M,M,4.00,M
ATL,2026-06-11 13:52,KATL 111352Z 29005KT 10SM FEW020 29/22 A3006 RMK AO2 SLP166 T02940217 $,10.00,FEW,2000.00,M,M,M,M,M,5.00,M
ATL,2026-06-11 14:52,KATL 111452Z 28006KT 10SM FEW033 31/21 A3005 RMK AO2 SLP163 TCU DSNT N NW MDT CU DSNT NW-NE T03060211 58001 $,10.00,FEW,3300.00,M,M,M,M,M,6.00,M
ATL,2026-06-11 15:52,KATL 111552Z 24005KT 10SM SCT038TCU BKN065 31/21 A3005 RMK AO2 SLP165 TCU ALQDS DSNT ALQDS T03060211 $,10.00,SCT,3800.00,BKN,6500.00,M,M,M,5.00,M
ATL,2026-06-11 16:52,KATL 111652Z 29005KT 10SM SCT043 SCT070 32/21 A3004 RMK AO2 SLP160 TCU DSNT ALQDS MDT CU ALQDS T03170206 $,10.00,SCT,4300.00,SCT,7000.00,M,M,M,5.00,M
ATL,2026-06-11 17:52,KATL 111752Z 24007KT 10SM SCT048TCU SCT070 32/21 A3003 RMK AO2 SLP157 TCU NE-SE-SW DSNT SW-NW-N MDT CU OHD AND ALQDS T03220211 10322 20250 58006 $,10.00,SCT,4800.00,SCT,7000.00,M,M,M,7.00,M
ATL,2026-06-11 18:52,KATL 111852Z 22007KT 10SM SCT055TCU SCT085 32/21 A3001 RMK AO2 SLP151 TCU NE E SE SW DSNT ALQDS MDT CU ALQDS T03220206 $,10.00,SCT,5500.00,SCT,8500.00,M,M,M,7.00,M
ATL,2026-06-11 19:52,KATL 111952Z 22008KT 10SM SCT050TCU SCT100 33/20 A3001 RMK AO2 SLP149 TCU NE SW DSNT ALQDS MDT CU ALQDS SHRA NE T03280200 $,10.00,SCT,5000.00,SCT,10000.00,M,M,M,8.00,M
ATL,2026-06-11 20:52,KATL 112052Z 28007KT 10SM SCT050TCU SCT075 BKN110 33/21 A2999 RMK AO2 SLP144 TCU N NE SW DSNT SW-NW-NE SHRA DSNT NE T03330206 56013 $,10.00,SCT,5000.00,SCT,7500.00,BKN,11000.00,M,7.00,M
ATL,2026-06-11 21:52,KATL 112152Z 28004KT 10SM SCT050TCU SCT075 BKN110 33/19 A2998 RMK AO2 SLP141 TCU OHD-NE SE MDT CU ALQDS T03330194 $,10.00,SCT,5000.00,SCT,7500.00,BKN,11000.00,M,4.00,M
ATL,2026-06-11 22:52,KATL 112252Z 25004KT 10SM FEW050 SCT110 SCT200 33/20 A2997 RMK AO2 SLP137 MDT CU NE-SE T03280200 $,10.00,FEW,5000.00,SCT,11000.00,SCT,20000.00,M,4.00,M
ATL,2026-06-11 23:52,KATL 112352Z 27005KT 10SM FEW055 FEW250 32/20 A2998 RMK AO2 SLP139 T03170200 10339 20317 55005 $,10.00,FEW,5500.00,FEW,25000.00,M,M,M,5.00,M
ATL,2026-06-12 00:52,KATL 120052Z 26005KT 10SM SCT050TCU SCT250 30/20 A2998 RMK AO2 SLP139 TCU OHD-NE T03000200 $,10.00,SCT,5000.00,SCT,25000.00,M,M,M,5.00,M
ATL,2026-06-12 01:52,KATL 120152Z 24005KT 10SM FEW050 FEW250 29/21 A2998 RMK AO2 SLP141 T02940206 $,10.00,FEW,5000.00,FEW,25000.00,M,M,M,5.00,M
ATL,2026-06-12 02:52,KATL 120252Z 23005KT 10SM FEW050 28/22 A3001 RMK AO2 SLP147 T02780217 53009 $,10.00,FEW,5000.00,M,M,M,M,M,5.00,M
ATL,2026-06-12 03:52,KATL 120352Z 24004KT 10SM CLR 27/22 A3001 RMK AO2 SLP151 T02720217 $,10.00,CLR,M,M,M,M,M,M,4.00,M
ATL,2026-06-12 04:52,KATL 120452Z 25003KT 10SM CLR 27/22 A3002 RMK AO2 SLP152 T02670217 403390239 $,10.00,CLR,M,M,M,M,M,M,3.00,M
ATL,2026-06-12 05:52,KATL 120552Z 26003KT 10SM CLR 26/22 A3002 RMK AO2 SLP153 T02610217 10317 20256 51005 $,10.00,CLR,M,M,M,M,M,M,3.00,M
ATL,2026-06-12 06:52,KATL 120652Z 28007KT 10SM CLR 26/22 A3002 RMK AO2 SLP152 T02560217 $,10.00,CLR,M,M,M,M,M,M,7.00,M
ATL,2026-06-12 07:52,KATL 120752Z 29007KT 10SM CLR 26/22 A3001 RMK AO2 SLP150 T02560217 $,10.00,CLR,M,M,M,M,M,M,7.00,M
ATL,2026-06-12 08:52,KATL 120852Z 27005KT 10SM CLR 25/22 A3002 RMK AO2 SLP152 T02500217 55001 $,10.00,CLR,M,M,M,M,M,M,5.00,M
ATL,2026-06-12 09:52,KATL 120952Z 28004KT 10SM CLR 24/22 A3003 RMK AO2 SLP156 T02440217 $,10.00,CLR,M,M,M,M,M,M,4.00,M
ATL,2026-06-12 10:52,KATL 121052Z 28006KT 10SM FEW045 FEW060 SCT250 24/22 A3003 RMK AO2 SLP158 MDT CU DSNT SW T02440217 $,10.00,FEW,4500.00,FEW,6000.00,SCT,25000.00,M,6.00,M
ATL,2026-06-12 11:52,KATL 121152Z 29005KT 10SM FEW045 FEW100 SCT250 27/22 A3004 RMK AO2 SLP161 TCU DSNT S-SW T02670222 10267 20244 53009 $,10.00,FEW,4500.00,FEW,10000.00,SCT,25000.00,M,5.00,M
ATL,2026-06-12 12:52,KATL 121252Z 29007KT 10SM SCT250 BKN300 28/22 A3005 RMK AO2 SLP163 T02830222 $,10.00,SCT,25000.00,BKN,30000.00,M,M,M,7.00,M
ATL,2026-06-12 13:52,KATL 121352Z 30008KT 10SM FEW025 BKN250 29/22 A3006 RMK AO2 SLP167 T02940222,10.00,FEW,2500.00,BKN,25000.00,M,M,M,8.00,M
ATL,2026-06-12 14:52,KATL 121452Z 29009KT 10SM SCT028 BKN250 30/22 A3007 RMK AO2 SLP169 MDT CU NW-NE-SE T03000222 51007,10.00,SCT,2800.00,BKN,25000.00,M,M,M,9.00,M
ATL,2026-06-12 15:52,KATL 121552Z 32009KT 10SM SCT034TCU BKN250 32/22 A3006 RMK AO2 SLP168 TCU NW DSNT N NW MDT CU ALQDS T03170217,10.00,SCT,3400.00,BKN,25000.00,M,M,M,9.00,M
ATL,2026-06-12 16:52,KATL 121652Z 28009KT 10SM SCT042TCU BKN250 32/22 A3005 RMK AO2 SLP164 TCU S-SW W DSNT ALQDS MDT CU ALQDS T03220217,10.00,SCT,4200.00,BKN,25000.00,M,M,M,9.00,M
ATL,2026-06-12 17:52,KATL 121752Z 32008KT 10SM SCT042TCU BKN100 BKN250 31/21 A3003 RMK AO2 SLP157 TCU S-W-NW DSNT N W MDT CU ALQDS T03110211 10328 20267 58011,10.00,SCT,4200.00,BKN,10000.00,BKN,25000.00,M,8.00,M
ATL,2026-06-12 18:52,KATL 121852Z 28008G17KT 10SM FEW045TCU SCT100 BKN250 33/21 A3001 RMK AO2 SLP150 TCU ALQDS T03280206,10.00,FEW,4500.00,SCT,10000.00,BKN,25000.00,17.00,8.00,M
ATL,2026-06-12 19:52,KATL 121952Z 31010KT 10SM FEW045TCU SCT200 BKN250 33/22 A3000 RMK AO2 SLP146 TCU NW DSNT ALQDS MDT CU NE S T03280222 $,10.00,FEW,4500.00,SCT,20000.00,BKN,25000.00,M,10.00,M
ATL,2026-06-12 20:52,KATL 122052Z 27011KT 10SM SCT045TCU SCT200 BKN250 33/21 A2999 RMK AO2 SLP142 TCU E SE S DSNT N MDT CU ALQDS T03280211 56015 $,10.00,SCT,4500.00,SCT,20000.00,BKN,25000.00,M,11.00,M
ATL,2026-06-12 21:52,KATL 122152Z 29011KT 10SM FEW045 SCT200 BKN250 32/21 A2998 RMK AO2 SLP139 TCU DSNT SE T03220206 $,10.00,FEW,4500.00,SCT,20000.00,BKN,25000.00,M,11.00,M
ATL,2026-06-12 22:52,KATL 122252Z 29010KT 10SM FEW045 SCT200 BKN250 32/20 A2997 RMK AO2 SLP136 T03220200 $,10.00,FEW,4500.00,SCT,20000.00,BKN,25000.00,M,10.00,M
ATL,2026-06-12 23:52,KATL 122352Z 28006KT 10SM FEW040 SCT200 BKN250 31/20 A2997 RMK AO2 SLP135 T03060200 10333 20306 56007 $,10.00,FEW,4000.00,SCT,20000.00,BKN,25000.00,M,6.00,M
ATL,2026-06-13 00:52,KATL 130052Z 32007KT 10SM SCT200 BKN250 30/21 A2999 RMK AO2 SLP141 T03000206 $,10.00,SCT,20000.00,BKN,25000.00,M,M,M,7.00,M
ATL,2026-06-13 01:52,KATL 130152Z 32006KT 10SM SCT045 BKN200 BKN250 29/21 A3001 RMK AO2 SLP149 T02890211 $,10.00,SCT,4500.00,BKN,20000.00,BKN,25000.00,M,6.00,M
ATL,2026-06-13 02:52,KATL 130252Z 33006KT 10SM FEW045 SCT250 28/22 A3002 RMK AO2 SLP154 T02830217 51019 $,10.00,FEW,4500.00,SCT,25000.00,M,M,M,6.00,M
ATL,2026-06-13 03:52,KATL 130352Z 29003KT 10SM FEW045 BKN250 28/22 A3004 RMK AO2 SLP159 T02780217 $,10.00,FEW,4500.00,BKN,25000.00,M,M,M,3.00,M
ATL,2026-06-13 04:52,KATL 130452Z 30005KT 10SM SCT200 BKN250 27/22 A3004 RMK AO2 SLP158 T02670222 403330244 $,10.00,SCT,20000.00,BKN,25000.00,M,M,M,5.00,M
ATL,2026-06-13 05:52,KATL 130552Z 30004KT 10SM SCT200 BKN250 26/22 A3003 RMK AO2 SLP156 T02610222 10306 20261 50001 $,10.00,SCT,20000.00,BKN,25000.00,M,M,M,4.00,M
ATL,2026-06-13 06:52,KATL 130652Z 30005KT 10SM SCT200 BKN250 26/22 A3001 RMK AO2 SLP148 T02560222 $,10.00,SCT,20000.00,BKN,25000.00,M,M,M,5.00,M
ATL,2026-06-13 07:52,KATL 130752Z 30007KT 10SM SCT200 BKN250 25/22 A3000 RMK AO2 SLP148 T02500222 $,10.00,SCT,20000.00,BKN,25000.00,M,M