station,valid,metar,drct,sknt,gust,vsby,skyc1,skyl1,skyc2,skyl2,skyc3,skyl3,wxcodes
ATL,2024-07-31 21:35,KATL 312135Z 22006KT 8SM -RA SCT032CB BKN060 BKN120 BKN200 27/23 A3006 RMK AO2 TSE35 OCNL LTGICCG DSNT SW TS MOVD SE CB NE DSNT SW MOV SE TCU OHD-ALQDS P0002 T02720228 $,220.00,6.00,M,8.00,SCT,3200.00,BKN,6000.00,BKN,12000.00,-RA
ATL,2024-07-31 21:52,KATL 312152Z 20008KT 9SM -RA FEW032TCU SCT060 BKN120 BKN200 27/22 A3006 RMK AO2 TSE35 SLP168 TS MOVD SE TCU OHD-ALQDS P0002 T02720222 $,200.00,8.00,M,9.00,FEW,3200.00,SCT,6000.00,BKN,12000.00,-RA
ATL,2024-07-31 22:52,KATL 312252Z 18006KT 10SM FEW030TCU SCT200 BKN250 28/23 A3008 RMK AO2 RAE2159 SLP174 CB DSNT SW TCU E-SE P0000 T02830233 $,180.00,6.00,M,10.00,FEW,3000.00,SCT,20000.00,BKN,25000.00,M
ATL,2024-07-31 23:52,KATL 312352Z 21004KT 10SM FEW035 BKN250 28/23 A3009 RMK AO2 SLP178 CB DSNT SW 60002 T02830233 10339 20267 53008 $,210.00,4.00,M,10.00,FEW,3500.00,BKN,25000.00,M,M,M
ATL,2024-08-01 00:52,KATL 010052Z 17005KT 10SM FEW035 BKN250 27/24 A3010 RMK AO2 SLP181 T02670239 $,170.00,5.00,M,10.00,FEW,3500.00,BKN,25000.00,M,M,M
ATL,2024-08-01 01:52,KATL 010152Z 20005KT 10SM BKN250 26/23 A3011 RMK AO2 SLP186 T02610233 $,200.00,5.00,M,10.00,BKN,25000.00,M,M,M,M,M
ATL,2024-08-01 02:52,KATL 010252Z 20004KT 10SM FEW070 BKN250 26/23 A3014 RMK AO2 SLP194 T02560233 53016 $,200.00,4.00,M,10.00,FEW,7000.00,BKN,25000.00,M,M,M
ATL,2024-08-01 03:52,KATL 010352Z 20005KT 10SM FEW060 SCT200 BKN250 25/23 A3013 RMK AO2 SLP193 T02500228 $,200.00,5.00,M,10.00,FEW,6000.00,SCT,20000.00,BKN,25000.00,M
ATL,2024-08-01 04:52,KATL 010452Z 23007KT 10SM FEW040 SCT250 25/22 A3012 RMK AO2 SLP186 T02500222 403390228 $,230.00,7.00,M,10.00,FEW,4000.00,SCT,25000.00,M,M,M
ATL,2024-08-01 05:52,KATL 010552Z 25007KT 10SM FEW040 SCT250 25/22 A3010 RMK AO2 SLP182 T02500222 10283 20244 58011 $,250.00,7.00,M,10.00,FEW,4000.00,SCT,25000.00,M,M,M
ATL,2024-08-01 06:52,KATL 010652Z 25009KT 10SM FEW250 25/22 A3009 RMK AO2 SLP176 T02500222 $,250.00,9.00,M,10.00,FEW,25000.00,M,M,M,M,M
ATL,2024-08-01 07:52,KATL 010752Z 28008KT 10SM FEW250 24/22 A3008 RMK AO2 SLP174 T02440222 $,280.00,8.00,M,10.00,FEW,25000.00,M,M,M,M,M
ATL,2024-08-01 08:52,KATL 010852Z 27007KT 10SM FEW250 24/22 A3009 RMK AO2 SLP178 T02390222 55005 $,270.00,7.00,M,10.00,FEW,25000.00,M,M,M,M,M
ATL,2024-08-01 09:52,KATL 010952Z 28006KT 10SM FEW250 24/22 A3009 RMK AO2 SLP180 T02390222 $,280.00,6.00,M,10.00,FEW,25000.00,M,M,M,M,M
ATL,2024-08-01 10:52,KATL 011052Z 28003KT 10SM FEW050 FEW250 24/22 A3011 RMK AO2 SLP186 T02390222,280.00,3.00,M,10.00,FEW,5000.00,FEW,25000.00,M,M,M
ATL,2024-08-01 11:52,KATL 011152Z 26005KT 10SM FEW250 24/23 A3014 RMK AO2 SLP195 70002 T02440228 10250 20233 53017,260.00,5.00,M,10.00,FEW,25000.00,M,M,M,M,M
ATL,2024-08-01 12:52,KATL 011252Z 28006KT 10SM FEW100 FEW250 27/23 A3016 RMK AO2 SLP201 ACC DSNT NW T02720233,280.00,6.00,M,10.00,FEW,10000.00,FEW,25000.00,M,M,M
ATL,2024-08-01 13:52,KATL 011352Z 29007KT 10SM FEW140 FEW200 SCT250 29/24 A3017 RMK AO2 SLP203 T02940239,290.00,7.00,M,10.00,FEW,14000.00,FEW,20000.00,SCT,25000.00,M
ATL,2024-08-01 14:52,KATL 011452Z 30007KT 10SM FEW003 FEW022 FEW060 SCT250 31/24 A3018 RMK AO2 SLP207 FU FEW003 T03060239 51012,300.00,7.00,M,10.00,FEW,300.00,FEW,2200.00,FEW,6000.00,M
ATL,2024-08-01 15:52,KATL 011552Z COR 31007KT 10SM FEW028TCU FEW060 SCT200 SCT250 32/24 A3017 RMK AO2 SLP206 TCU SW-NW DSNT SE MDT CU DSNT ALQDS T03220244,310.00,7.00,M,10.00,FEW,2800.00,FEW,6000.00,SCT,20000.00,M
ATL,2024-08-01 16:52,KATL 011652Z 28008KT 10SM SCT033TCU SCT060 SCT200 SCT250 33/24 A3015 RMK AO2 SLP197 CB DSNT NW TCU S SW MDT CU ALQDS T03330244,280.00,8.00,M,10.00,SCT,3300.00,SCT,6000.00,SCT,20000.00,M
ATL,2024-08-01 17:52,KATL 011752Z 30006KT 10SM SCT037 SCT060 SCT200 BKN250 33/24 A3013 RMK AO2 SLP190 CB DSNT NE SW NW TCU DSNT SW W NW MDT CU ALQDS T03280239 10333 20244 58016,300.00,6.00,M,10.00,SCT,3700.00,SCT,6000.00,SCT,20000.00,M
ATL,2024-08-01 18:52,KATL 011852Z 26006KT 10SM SCT040TCU SCT080 BKN200 BKN250 34/24 A3011 RMK AO2 SLP183 CB DSNT NE TCU S NW DSNT ALQDS MDT CU ALQDS T03440239,260.00,6.00,M,10.00,SCT,4000.00,SCT,8000.00,BKN,20000.00,M
ATL,2024-08-01 19:52,KATL 011952Z 27009G14KT 10SM SCT046TCU SCT085 BKN200 BKN250 34/24 A3009 RMK AO2 SLP177 CB DSNT NE TCU NE E SE W DSNT ALQDS T03440239,270.00,9.00,14.00,10.00,SCT,4600.00,SCT,8500.00,BKN,20000.00,M
ATL,2024-08-01 20:52,KATL 012052Z 26009KT 10SM FEW050TCU SCT090 BKN200 BKN250 34/23 A3009 RMK AO2 SLP175 CB DSNT NE TCU ALQDS DSNT ALQDS T03440233 56014,260.00,9.00,M,10.00,FEW,5000.00,SCT,9000.00,BKN,20000.00,M
ATL,2024-08-01 21:52,KATL 012152Z 23008KT 10SM FEW050TCU SCT080 BKN200 BKN250 34/23 A3009 RMK AO2 SLP177 OCNL LTGICCG DSNT NE-E CB DSNT NE-E TCU ALQDS T03390228,230.00,8.00,M,10.00,FEW,5000.00,SCT,8000.00,BKN,20000.00,M
ATL,2024-08-01 22:52,KATL 012252Z 23010KT 10SM FEW042TCU SCT070 BKN200 BKN250 33/24 A3008 RMK AO2 SLP174 OCNL LTGIC DSNT E CB DSNT NE-SE TCU OHD-ALQDS T03330239,230.00,10.00,M,10.00,FEW,4200.00,SCT,7000.00,BKN,20000.00,M
ATL,2024-08-01 23:28,KATL 012328Z 24006KT 10SM TS FEW042CB SCT080 BKN200 BKN250 33/24 A3008 RMK AO2 TSB28 OCNL LTGIC VC E-SE DSNT SE TS VC E-SE DSNT SE MOV SE TCU SE-S NW-N T03330239,240.00,6.00,M,10.00,FEW,4200.00,SCT,8000.00,BKN,20000.00,TS
ATL,2024-08-01 23:46,KATL 012346Z 24008KT 10SM FEW042TCU SCT080 SCT200 BKN250 33/24 A3008 RMK AO2 TSB28E46 OCNL LTGIC DSNT SE TS DSIPTD CB DSNT SE-S TCU E-SE,240.00,8.00,M,10.00,FEW,4200.00,SCT,8000.00,SCT,20000.00,M
ATL,2024-08-01 23:52,KATL 012352Z 24007KT 10SM FEW042TCU SCT080 SCT200 BKN250 33/24 A3008 RMK AO2 TSB28E46 SLP173 OCNL LTGIC DSNT E-SE TS DSIPTD CB DSNT E-SE S TCU E-SE T03280239 10344 20328 58002,240.00,7.00,M,10.00,FEW,4200.00,SCT,8000.00,SCT,20000.00,M
ATL,2024-08-02 00:52,KATL 020052Z 23006KT 10SM FEW040CB SCT200 BKN250 31/24 A3009 RMK AO2 SLP177 OCNL LTGIC DSNT NE CB DSNT NE TCU DSNT E T03110244,230.00,6.00,M,10.00,FEW,4000.00,SCT,20000.00,BKN,25000.00,M
ATL,2024-08-02 01:52,KATL 020152Z 24005KT 10SM FEW040 SCT200 BKN250 30/24 A3009 RMK AO2 SLP177 T03000244 $,240.00,5.00,M,10.00,FEW,4000.00,SCT,20000.00,BKN,25000.00,M
ATL,2024-08-02 02:52,KATL 020252Z 24006KT 10SM FEW200 BKN250 29/24 A3009 RMK AO2 SLP177 T02940244 50004 $,240.00,6.00,M,10.00,FEW,20000.00,BKN,25000.00,M,M,M
ATL,2024-08-02 03:52,KATL 020352Z 25007KT 10SM FEW040 SCT200 BKN250 29/24 A3010 RMK AO2 SLP178 T02940244 $,250.00,7.00,M,10.00,FEW,4000.00,SCT,20000.00,BKN,25000.00,M
ATL,2024-08-02 04:52,KATL 020452Z 26007KT 10SM FEW040 SCT250 28/24 A3009 RMK AO2 SLP176 T02830244 403440233 $,260.00,7.00,M,10.00,FEW,4000.00,SCT,25000.00,M,M,M
ATL,2024-08-02 05:52,KATL 020552Z 27008KT 10SM FEW040 SCT250 28/25 A3007 RMK AO2 SLP171 T02780250 10328 20278 58006 $,270.00,8.00,M,10.00,FEW,4000.00,SCT,25000.00,M,M,M
ATL,2024-08-02 06:52,KATL 020652Z 28005KT 10SM SCT250 27/24 A3006 RMK AO2 SLP165 T02720244 $,280.00,5.00,M,10.00,SCT,25000.00,M,M,M,M,M
ATL,2024-08-02 07:52,KATL 020752Z 27005KT 10SM BKN250 27/24 A3005 RMK AO2 SLP164 T02670239 $,270.00,5.00,M,10.00,BKN,25000.00,M,M,M,M,M
ATL,2024-08-02 08:52,KATL 020852Z 23003KT 10SM BKN250 26/24 A3005 RMK AO2 SLP164 T02610239 56006 $,230.00,3.00,M,10.00,BKN,25000.00,M,M,M,M,M
ATL,2024-08-02 09:52,KATL 020952Z COR 26004KT 10SM BKN250 26/23 A3005 RMK AO2 SLP164 T02610233 $,260.00,4.00,M,10.00,BKN,25000.00,M,M,M,M,M
ATL,2024-08-02 10:52,KATL 021052Z 24005KT 10SM FEW120 SCT250 26/23 A3007 RMK AO2 SLP170 T02610228 $,240.00,5.00,M,10.00,FEW,12000.00,SCT,25000.00,M,M,M
ATL,2024-08-02 11:52,KATL 021152Z 27007KT 10SM SCT045 27/23 A3008 RMK AO2 SLP174 T02670228 10278 20256 53009 $,270.00,7.00,M,10.00,SCT,4500.00,M,M,M,M,M
ATL,2024-08-02 12:52,KATL 021252Z 27007KT 9SM FEW045 28/23 A3009 RMK AO2 SLP175 T02780228 $,270.00,7.00,M,9.00,FEW,4500.00,M,M,M,M,M
ATL,2024-08-02 13:52,KATL 021352Z 28008KT 9SM CLR 29/23 A3008 RMK AO2 SLP172 T02940228,280.00,8.00,M,9.00,CLR,M,M,M,M,M,M
ATL,2024-08-02 14:52,KATL 021452Z 29007KT 9SM FEW030 31/23 A3009 RMK AO2 SLP176 T03110228 53002,290.00,7.00,M,9.00,FEW,3000.00,M,M,M,M,M
ATL,2024-08-02 15:52,KATL 021552Z 23009KT 9SM FEW036 31/22 A3007 RMK AO2 SLP170 T03110217,230.00,9.00,M,9.00,FEW,3600.00,M,M,M,M,M
ATL,2024-08-02 16:52,KATL 021652Z 26006KT 9SM FEW042 32/21 A3006 RMK AO2 SLP167 T03220211,260.00,6.00,M,9.00,FEW,4200.00,M,M,M,M,M
ATL,2024-08-02 17:52,KATL 021752Z 23009G18KT 9SM FEW055 33/18 A3003 RMK AO2 SLP156 T03280183 10333 20267 58019,230.00,9.00,18.00,9.00,FEW,5500.00,M,M,M,M,M
ATL,2024-08-02 18:52,KATL 021852Z 28012G18KT 9SM FEW055 FEW200 34/19 A3001 RMK AO2 SLP149 T03390194,280.00,12.00,18.00,9.00,FEW,5500.00,FEW,20000.00,M,M,M
ATL,2024-08-02 19:52,KATL 021952Z 26013G23KT 9SM FEW055 FEW130 SCT200 33/20 A3000 RMK AO2 SLP145 CB DSNT NW T03330200,260.00,13.00,23.00,9.00,FEW,5500.00,FEW,13000.00,SCT,20000.00,M
ATL,2024-08-02 20:52,KATL 022052Z 24010G20KT 9SM FEW130 FEW200 33/21 A2995 RMK AO2 SLP129 T03330206 58026,240.00,10.00,20.00,9.00,FEW,13000.00,FEW,20000.00,M,M,M
ATL,2024-08-02 21:52,KATL 022152Z 27012G20KT 10SM FEW050 SCT200 33/21 A2995 RMK AO2 SLP130 T03330211,270.00,12.00,20.00,10.00,FEW,5000.00,SCT,20000.00,M,M,M
ATL,2024-08-02 22:52,KATL 022252Z 27011G18KT 9SM FEW048 SCT150 SCT200 32/22 A2996 RMK AO2 SLP131 T03220217,270.00,11.00,18.00,9.00,FEW,4800.00,SCT,15000.00,SCT,20000.00,M
ATL,2024-08-02 23:52,KATL 022352Z 27006KT 9SM FEW150 BKN180 BKN250 29/21 A2996 RMK AO2 SLP134 T02940206 10339 20294 53004,270.00,6.00,M,9.00,FEW,15000.00,BKN,18000.00,BKN,25000.00,M
ATL,2024-08-03 00:52,KATL 030052Z 26006KT 10SM BKN100 BKN180 BKN250 29/21 A2998 RMK AO2 SLP142 ACC SE-S T02890206,260.00,6.00,M,10.00,BKN,10000.00,BKN,18000.00,BKN,25000.00,M
ATL,2024-08-03 01:52,KATL 030152Z 27006KT 10SM BKN085 BKN110 BKN200 28/21 A2999 RMK AO2 SLP144 T02780206,270.00,6.00,M,10.00,BKN,8500.00,BKN,11000.00,BKN,20000.00,M
ATL,2024-08-03 02:52,KATL 030252Z 20004KT 10SM BKN085 BKN110 BKN200 28/21 A2999 RMK AO2 SLP141 CB DSNT SW T02780211 50008,200.00,4.00,M,10.00,BKN,8500.00,BKN,11000.00,BKN,20000.00,M
ATL,2024-08-03 03:52,KATL 030352Z 24010G15KT 9SM FEW040TCU BKN100 BKN200 28/21 A2999 RMK AO2 RAB14E29 SLP143 CB DSNT N TCU NW P0000 T02780211,240.00,10.00,15.00,9.00,FEW,4000.00,BKN,10000.00,BKN,20000.00,M
ATL,2024-08-03 04:52,KATL 030452Z 25009KT 7SM -RA FEW040TCU BKN065 BKN100 OVC200 26/22 A3000 RMK AO2 RAB40 SLP145 VIS LWR NE-SE OCNL LTGIC DSNT NE SW CB DSNT NE SW W-NW TCU ALQDS P0004 T02560217 403390256,250.00,9.00,M,7.00,FEW,4000.00,BKN,6500.00,BKN,10000.00,-RA
ATL,2024-08-03 05:52,KATL 030552Z 26007KT 10SM FEW060 SCT100 BKN180 24/22 A2996 RMK AO2 RAE16 SLP133 P0000 60004 T02440217 10294 20244 58009 PNO $,260.00,7.00,M,10.00,FEW,6000.00,SCT,10000.00,BKN,18000.00,M
ATL,2024-08-03 06:52,KATL 030652Z 21004KT 10SM FEW060 SCT120 SCT200 24/22 A2996 RMK AO2 SLP130 T02440217 PNO $,210.00,4.00,M,10.00,FEW,6000.00,SCT,12000.00,SCT,20000.00,M
ATL,2024-08-03 07:52,KATL 030752Z 24005KT 10SM FEW046 FEW120 FEW200 24/22 A2994 RMK AO2 SLP126 T02440217 PNO $,240.00,5.00,M,10.00,FEW,4600.00,FEW,12000.00,FEW,20000.00,M
ATL,2024-08-03 08:52,KATL 030852Z 21003KT 10SM FEW045 FEW200 24/21 A2995 RMK AO2 SLP129 T02390211 55004 PNO $,210.00,3.00,M,10.00,FEW,4500.00,FEW,20000.00,M,M,M
ATL,2024-08-03 09:52,KATL 030952Z 20004KT 10SM FEW040 FEW200 23/22 A2996 RMK AO2 SLP133 T02330217 PNO $,200.00,4.00,M,10.00,FEW,4000.00,FEW,20000.00,M,M,M
ATL,2024-08-03 10:52,KATL 031052Z 24003KT 9SM FEW019 SCT060 SCT200 23/22 A2997 RMK AO2 SLP135 T02330217 PNO $,240.00,3.00,M,9.00,FEW,1900.00,SCT,6000.00,SCT,20000.00,M
ATL,2024-08-03 11:52,KATL 031152Z 20004KT 10SM FEW020 FEW055 FEW200 23/22 A2998 RMK AO2 SLP139 70004 T02330217 10250 20233 51009 PNO $,200.00,4.00,M,10.00,FEW,2000.00,FEW,5500.00,FEW,20000.00,M
ATL,2024-08-03 12:52,KATL 031252Z 25006KT 10SM FEW012 FEW130 25/22 A2998 RMK AO2 SLP142 T02500217 PNO $,250.00,6.00,M,10.00,FEW,1200.00,FEW,13000.00,M,M,M
ATL,2024-08-03 13:52,KATL 031352Z VRB03KT 10SM FEW014 FEW090 27/22 A2998 RMK AO2 SLP141 TCU DSNT NW T02720222 PNO $,M,3.00,M,10.00,FEW,1400.00,FEW,9000.00,M,M,M
ATL,2024-08-03 14:52,KATL 031452Z VRB03KT 10SM SCT018 28/23 A2999 RMK AO2 SLP145 T02830228 53006 PNO $,M,3.00,M,10.00,SCT,1800.00,M,M,M,M,M
ATL,2024-08-03 15:52,KATL 031552Z 30004KT 10SM SCT022 30/23 A2999 RMK AO2 SLP144 TCU DSNT W MDT CU ALQDS T03000228 $,300.00,4.00,M,10.00,SCT,2200.00,M,M,M,M,M
ATL,2024-08-03 16:52,KATL 031652Z 34006KT 10SM SCT030 SCT100 30/22 A2999 RMK AO2 SLP142 TCU DSNT SW-W MDT CU ALQDS T03000222 $,340.00,6.00,M,10.00,SCT,3000.00,SCT,10000.00,M,M,M
ATL,2024-08-03 17:52,KATL 031752Z 31008KT 10SM SCT034TCU BKN075 BKN200 30/21 A2998 RMK AO2 SLP140 CB DSNT E-SE TCU OHD-SW W MDT CU ALQDS T03000211 10317 20233 58005 $,310.00,8.00,M,10.00,SCT,3400.00,BKN,7500.00,BKN,20000.00,M
ATL,2024-08-03 18:52,KATL 031852Z 32008KT 280V360 10SM SCT040TCU SCT090 SCT200 32/21 A2994 RMK AO2 SLP127 TCU SE S MDT CU ALQDS T03220211 $,320.00,8.00,M,10.00,SCT,4000.00,SCT,9000.00,SCT,20000.00,M
ATL,2024-08-03 19:52,KATL 031952Z 32009KT 10SM SCT042TCU SCT200 32/21 A2992 RMK AO2 SLP120 TCU SW MDT CU ALQDS T03220211 $,320.00,9.00,M,10.00,SCT,4200.00,SCT,20000.00,M,M,M
ATL,2024-08-03 20:52,KATL 032052Z 28008G16KT 10SM FEW045 FEW200 SCT250 32/20 A2992 RMK AO2 SLP120 TCU DSNT SE-S MDT CU NW-N T03220200 55019 $,280.00,8.00,16.00,10.00,FEW,4500.00,FEW,20000.00,SCT,25000.00,M
ATL,2024-08-03 21:52,KATL 032152Z 30009G16KT 10SM FEW045 SCT200 BKN250 32/20 A2991 RMK AO2 SLP117 CB DSNT E SE TCU DSNT S MDT CU NW-N T03220200 $,300.00,9.00,16.00,10.00,FEW,4500.00,SCT,20000.00,BKN,25000.00,M
ATL,2024-08-03 22:52,KATL 032252Z 28009KT 10SM FEW045 FEW100 SCT200 BKN250 32/20 A2990 RMK AO2 SLP114 CB DSNT SE MDT CU NW-N T03170200 $,280.00,9.00,M,10.00,FEW,4500.00,FEW,10000.00,SCT,20000.00,M
ATL,2024-08-03 23:52,KATL 032352Z 31007KT 270V340 10SM FEW045 FEW100 SCT200 BKN250 31/19 A2992 RMK AO2 SLP121 TCU DSNT SE AND S T03060189 10328 20300 55000 $,310.00,7.00,M,10.00,FEW,4500.00,FEW,10000.00,SCT,20000.00,M
ATL,2024-08-04 00:52,KATL 040052Z 22003KT 10SM FEW045 FEW100 SCT200 SCT250 29/21 A2995 RMK AO2 SLP130 TCU DSNT E AND S T02940206 $,220.00,3.00,M,10.00,FEW,4500.00,FEW,10000.00,SCT,20000.00,M
ATL,2024-08-04 01:52,KATL 040152Z 00000KT 10SM FEW045 FEW100 SCT250 28/21 A2997 RMK AO2 SLP135 T02830211 $,0.00,0.00,M,10.00,FEW,4500.00,FEW,10000.00,SCT,25000.00,M
ATL,2024-08-04 02:52,KATL 040252Z 24003KT 10SM FEW045 FEW110 SCT250 27/22 A2999 RMK AO2 SLP142 T02670222 51021 $,240.00,3.00,M,10.00,FEW,4500.00,FEW,11000.00,SCT,25000.00,M
ATL,2024-08-04 03:52,KATL 040352Z 18006KT 10SM FEW045 FEW100 SCT250 26/23 A3000 RMK AO2 SLP146 T02610233 $,180.00,6.00,M,10.00,FEW,4500.00,FEW,10000.00,SCT,25000.00,M
ATL,2024-08-04 04:52,KATL 040452Z 21004KT 10SM FEW045 FEW100 SCT250 26/23 A3000 RMK AO2 SLP148 T02560228 403280233 $,210.00,4.00,M,10.00,FEW,4500.00,FEW,10000.00,SCT,25000.00,M
ATL,2024-08-04 05:52,KATL 040552Z 23004KT 10SM FEW045 FEW110 FEW250 25/22 A2999 RMK AO2 SLP143 T02500222 10306 20250 50001 $,230.00,4.00,M,10.00,FEW,4500.00,FEW,11000.00,FEW,25000.00,M
ATL,2024-08-04 06:52,KATL 040652Z 23003KT 10SM FEW045 FEW250 25/22 A2998 RMK AO2 SLP140 T02500222 $,230.00,3.00,M,10.00,FEW,4500.00,FEW,25000.00,M,M,M
ATL,2024-08-04 07:52,KATL 040752Z 28003KT 10SM FEW045 FEW250 24/22 A2998 RMK AO2 SLP138 T02440222 $,280.00,3.00,M,10.00,FEW,4500.00,FEW,25000.00,M,M,M
ATL,2024-08-04 08:52,KATL 040852Z 19003KT 10SM FEW045 FEW250 24/22 A2998 RMK AO2 SLP141 T02440222 55002 $,190.00,3.00,M,10.00,FEW,4500.00,FEW,25000.00,M,M,M
ATL,2024-08-04 09:05,KATL 040905Z 16005KT 10SM FEW006 FEW045 24/22 A2999 RMK AO2 T02390222 $,160.00,5.00,M,10.00,FEW,600.00,FEW,4500.00,M,M,M
ATL,2024-08-04 09:52,KATL 040952Z 18006KT 10SM FEW006 FEW045 24/22 A2999 RMK AO2 SLP144 T02390222 $,180.00,6.00,M,10.00,FEW,600.00,FEW,4500.00,M,M,M
ATL,2024-08-04 10:52,KATL 041052Z 00000KT 8SM FEW004 FEW050 23/22 A3000 RMK AO2 SLP148 T02330222 $,0.00,0.00,M,8.00,FEW,400.00,FEW,5000.00,M,M,M
ATL,2024-08-04 11:52,KATL 041152Z 00000KT 9SM CLR 24/22 A3002 RMK AO2 SLP155 T02390222 10250 20233 53013 $,0.00,0.00,M,9.00,CLR,M,M,M,M,M,M
ATL,2024-08-04 12:49,KATL 041249Z 20003KT 9SM FEW007 25/23 A3004 RMK AO2 $,200.00,3.00,M,9.00,FEW,700.00,M,M,M,M,M
ATL,2024-08-04 12:52,KATL 041252Z 19003KT 9SM FEW007 24/22 A3004 RMK AO2 SLP161 T02440222 $,190.00,3.00,M,9.00,FEW,700.00,M,M,M,M,M
ATL,2024-08-04 13:52,KATL 041352Z 00000KT 10SM FEW009 FEW075 28/23 A3004 RMK AO2 SLP160 T02780228 $,0.00,0.00,M,10.00,FEW,900.00,FEW,7500.00,M,M,M
ATL,2024-08-04 14:52,KATL 041452Z 13004KT 10SM FEW022 29/23 A3004 RMK AO2 SLP159 T02940228 50004 $,130.00,4.00,M,10.00,FEW,2200.00,M,M,M,M,M
ATL,2024-08-04 15:52,KATL 041552Z 14003KT 10SM FEW028 FEW075 31/22 A3004 RMK AO2 SLP161 MDT CU SE W T03060222 $,140.00,3.00,M,10.00,FEW,2800.00,FEW,7500.00,M,M,M
ATL,2024-08-04 16:52,KATL 041652Z 13005KT 10SM SCT036 32/22 A3004 RMK AO2 SLP159 MDT CU ALQDS T03170217 $,130.00,5.00,M,10.00,SCT,3600.00,M,M,M,M,M
ATL,2024-08-04 17:52,KATL 041752Z 17008KT 10SM SCT038TCU BKN065 32/22 A3003 RMK AO2 SLP156 TCU ALQDS MDT CU ALQDS T03220222 10322 20239 58002 $,170.00,8.00,M,10.00,SCT,3800.00,BKN,6500.00,M,M,M
ATL,2024-08-04 18:52,KATL 041852Z VRB06KT 10SM SCT038CB BKN090 BKN200 31/22 A3001 RMK AO2 SLP152 CB W-NW MOV STNRY TCU ALQDS SHRA W-NW T03110217 $,M,6.00,M,10.00,SCT,3800.00,BKN,9000.00,BKN,20000.00,M
ATL,2024-08-04 19:03,KATL 041903Z 13008KT 10SM TS SCT038CB BKN090 BKN200 32/22 A3001 RMK AO2 TSB03 OCNL LTGCG W-NW TS W-NW MOV STNRY TCU ALQDS T03170222 $,130.00,8.00,M,10.00,SCT,3800.00,BKN,9000.00,BKN,20000.00,TS
ATL,2024-08-04 19:36,KATL 041936Z 30013KT 9SM -TSRA FEW036CB BKN110 BKN200 28/22 A3000 RMK AO2 RAB28 TSB03 OCNL LTGCGIC W TS W DRFTG SW CB VC N MOV STNRY TCU NE-E SE-S P0000 T02830217 $,300.00,13.00,M,9.00,FEW,3600.00,BKN,11000.00,BKN,20000.00,-TSRA
ATL,2024-08-04 19:52,KATL 041952Z COR 28009KT 10SM TS FEW036CB SCT065 BKN110 BKN200 28/22 A3000 RMK AO2 RAB28E38 TSB03 SLP149 OCNL LTGCGIC VC SW DSNT NW TS VC SW DRFTG SW CB DSNT N NW TCU NE-SE-S P0000 T02830217 $,280.00,9.00,M,10.00,FEW,3600.00,SCT,6500.00,BKN,11000.00,TS
ATL,2024-08-04 20:20,KATL 042020Z 27006KT 10SM FEW036CB SCT060 BKN120 BKN200 28/22 A3001 RMK AO2 TSE19 TS DSIPTD CB VC NE DSNT N SW W NW MOV SW TCU E-S T02780217 $,270.00,6.00,M,10.00,FEW,3600.00,SCT,6000.00,BKN,12000.00,M
ATL,2024-08-04 20:52,KATL 042052Z 23004KT 10SM FEW030CB SCT055 BKN130 BKN200 28/22 A3000 RMK AO2 TSE19 SLP148 TS DSIPTD CB E DSNT ALQDS MOV W TCU DSNT NE SE 60000 T02830222 56009 $,230.00,4.00,M,10.00,FEW,3000.00,SCT,5500.00,BKN,13000.00,M
ATL,2024-08-04 21:52,KATL 042152Z 20005KT 10SM FEW035 SCT060 SCT120 BKN250 31/22 A2999 RMK AO2 SLP145 CB E DRFTG W TCU DSNT NE SE SW T03110222 $,200.00,5.00,M,10.00,FEW,3500.00,SCT,6000.00,SCT,12000.00,M
ATL,2024-08-04 22:52,KATL 042252Z COR 15005KT 10SM FEW035 SCT060 SCT120 BKN250 31/23 A3001 RMK AO2 SLP150 CB E STNRY AND DSNT N-NE TCU DSNT SW T03060228 $,150.00,5.00,M,10.00,FEW,3500.00,SCT,6000.00,SCT,12000.00,M
ATL,2024-08-04 23:52,KATL 042352Z 11004KT 10SM FEW035 SCT065 SCT140 BKN250 30/22 A3002 RMK AO2 SLP153 CB DSNT NE 60000 T03000217 10328 20278 53005 $,110.00,4.00,M,10.00,FEW,3500.00,SCT,6500.00,SCT,14000.00,M
ATL,2024-08-05 00:52,KATL 050052Z 15005KT 10SM FEW035 SCT075 SCT150 SCT250 29/22 A3002 RMK AO2 SLP155 CB DSNT NW TCU DSNT N AND SW-NW T02890217 $,150.00,5.00,M,10.00,FEW,3500.00,SCT,7500.00,SCT,15000.00,M
ATL,2024-08-05 01:52,KATL 050152Z 09009KT 10SM FEW039 FEW075 SCT250 28/23 A3004 RMK AO2 SLP160 T02780228 $,90.00,9.00,M,10.00,FEW,3900.00,FEW,7500.00,SCT,25000.00,M
ATL,2024-08-05 02:52,KATL 050252Z 14007KT 10SM FEW040 FEW050 FEW075 SCT250 27/22 A3007 RMK AO2 SLP169 T02720222 53017 $,140.00,7.00,M,10.00,FEW,4000.00,FEW,5000.00,FEW,7500.00,M
ATL,2024-08-05 03:52,KATL 050352Z 12007KT 10SM SCT250 27/22 A3007 RMK AO2 SLP169 T02670222 $,120.00,7.00,M,10.00,SCT,25000.00,M,M,M,M,M
ATL,2024-08-05 04:52,KATL 050452Z 11005KT 10SM FEW070 SCT250 26/22 A3006 RMK AO2 SLP168 T02560222 403280233 $,110.00,5.00,M,10.00,FEW,7000.00,SCT,25000.00,M,M,M
ATL,2024-08-05 05:52,KATL 050552Z 10006KT 10SM FEW012 FEW070 FEW250 25/22 A3005 RMK AO2 SLP165 T02500222 10300 20250 58004 $,100.00,6.00,M,10.00,FEW,1200.00,FEW,7000.00,FEW,25000.00,M
ATL,2024-08-05 06:07,KATL 050607Z 09007KT 10SM BKN013 25/22 A3005 RMK AO2 T02500222 $,90.00,7.00,M,10.00,BKN,1300.00,M,M,M,M,M
ATL,2024-08-05 06:41,KATL 050641Z 10007KT 10SM BKN009 26/23 A3004 RMK AO2 BKN009 V SCT T02560228 $,100.00,7.00,M,10.00,BKN,900.00,M,M,M,M,M
ATL,2024-08-05 06:48,KATL 050648Z 11007KT 10SM SCT009 SCT250 25/23 A3004 RMK AO2 $,110.00,7.00,M,10.00,SCT,900.00,SCT,25000.00,M,M,M
ATL,2024-08-05 06:52,KATL 050652Z 12006KT 10SM FEW009 SCT250 25/23 A3004 RMK AO2 SLP161 T02500228 $,120.00,6.00,M,10.00,FEW,900.00,SCT,25000.00,M,M,M
ATL,2024-08-05 07:52,KATL 050752Z 08007KT 10SM FEW009 FEW250 24/23 A3002 RMK AO2 SLP155 T02440228 $,80.00,7.00,M,10.00,FEW,900.00,FEW,25000.00,M,M,M
ATL,2024-08-05 08:52,KATL 050852Z 08007KT 7SM SCT005 24/22 A3002 RMK AO2 SLP155 T02440222 56010 $,80.00,7.00,M,7.00,SCT,500.00,M,M,M,M,M
ATL,2024-08-05 09:52,KATL 050952Z 06007KT 7SM SCT005 24/22 A3003 RMK AO2 SLP156 T02390222 $,60.00,7.00,M,7.00,SCT,500.00,M,M,M,M,M
ATL,2024-08-05 10:52,KATL 051052Z 07009KT 6SM BR FEW005 SCT250 24/22 A3004 RMK AO2 SLP160 T02390217,70.00,9.00,M,6.00,FEW,500.00,SCT,25000.00,M,M,BR
ATL,2024-08-05 11:28,KATL 051128Z 05011KT 6SM BR BKN007 BKN250 24/22 A3005 RMK AO2 T02390217,50.00,11.00,M,6.00,BKN,700.00,BKN,25000.00,M,M,BR
ATL,2024-08-05 11:52,KATL 051152Z 04011KT 8SM OVC006 24/22 A3006 RMK AO2 SLP167 BINOVC T02390217 10256 20239 53012,40.00,11.00,M,8.00,OVC,600.00,M,M,M,M,M
ATL,2024-08-05 12:44,KATL 051244Z 04013G20KT 10SM SCT011 BKN200 26/22 A3006 RMK AO2 T02560217,40.00,13.00,20.00,10.00,SCT,1100.00,BKN,20000.00,M,M,M
ATL,2024-08-05 12:52,KATL 051252Z 05011G20KT 10SM SCT011 BKN200 26/22 A3006 RMK AO2 SLP167 T02560217,50.00,11.00,20.00,10.00,SCT,1100.00,BKN,20000.00,M,M,M
ATL,2024-08-05 13:21,KATL 051321Z 07014KT 10SM BKN015 BKN046 BKN200 26/22 A3006 RMK AO2 CIG 013V017 T02610217,70.00,14.00,M,10.00,BKN,1500.00,BKN,4600.00,BKN,20000.00,M
ATL,2024-08-05 13:52,KATL 051352Z 07014KT 10SM BKN016 BKN048 BKN200 27/22 A3007 RMK AO2 SLP171 CIG 014V018 MDT CU NE-SE-S W T02670217,70.00,14.00,M,10.00,BKN,1600.00,BKN,4800.00,BKN,20000.00,M
ATL,2024-08-05 14:52,KATL 051452Z 08012KT 10SM SCT023 SCT048 SCT200 BKN250 28/21 A3006 RMK AO2 SLP168 MDT CU W-N T02830211 50001,80.00,12.00,M,10.00,SCT,2300.00,SCT,4800.00,SCT,20000.00,M
ATL,2024-08-05 15:52,KATL 051552Z 08012KT 10SM SCT030 BKN050 BKN200 BKN250 30/22 A3005 RMK AO2 SLP165 MDT CU ALQDS T03000217 $,80.00,12.00,M,10.00,SCT,3000.00,BKN,5000.00,BKN,20000.00,M
ATL,2024-08-05 16:52,KATL 051652Z 07014G20KT 10SM SCT033TCU SCT055 SCT200 BKN250 31/21 A3004 RMK AO2 SLP160 TCU NE S DSNT W MDT CU ALQDS T03060211,70.00,14.00,20.00,10.00,SCT,3300.00,SCT,5500.00,SCT,20000.00,M
ATL,2024-08-05 17:52,KATL 051752Z 04013G20KT 10SM SCT037TCU SCT060 BKN200 BKN250 32/21 A3002 RMK AO2 SLP152 TCU N NE S MDT CU ALQDS T03170211 10317 20239 58015,40.00,13.00,20.00,10.00,SCT,3700.00,SCT,6000.00,BKN,20000.00,M
ATL,2024-08-05 18:52,KATL 051852Z 04018G27KT 10SM FEW040TCU SCT065 SCT140 BKN200 33/20 A3000 RMK AO2 PK WND 05027/1852 SLP147 CB DSNT E SE TCU NW DSNT ALQDS T03280200,40.00,18.00,27.00,10.00,FEW,4000.00,SCT,6500.00,SCT,14000.00,M
ATL,2024-08-05 19:52,KATL 051952Z 08015G25KT 10SM FEW044TCU SCT070 SCT140 BKN200 33/21 A2999 RMK AO2 PK WND 06026/1929 SLP143 CB DSNT NE E SE TCU SW W DSNT ALQDS T03280206,80.00,15.00,25.00,10.00,FEW,4400.00,SCT,7000.00,SCT,14000.00,M
ATL,2024-08-05 20:52,KATL 052052Z 06015G26KT 10SM FEW050TCU FEW075 SCT140 BKN200 33/21 A2997 RMK AO2 PK WND 06026/2042 SLP137 CB DSNT E SE TCU NE SE-S DSNT ALQDS T03330206 58015,60.00,15.00,26.00,10.00,FEW,5000.00,FEW,7500.00,SCT,14000.00,M
ATL,2024-08-05 21:52,KATL 052152Z 08014G23KT 10SM SCT050TCU SCT070 BKN200 BKN250 32/21 A2996 RMK AO2 PK WND 07030/2059 SLP134 TCU N-NE E-SE T03170211,80.00,14.00,23.00,10.00,SCT,5000.00,SCT,7000.00,BKN,20000.00,M
ATL,2024-08-05 22:52,KATL 052252Z 07012KT 10SM FEW050 FEW070 SCT200 BKN250 31/21 A2996 RMK AO2 RAB15E29 SLP132 MDT CU E P0000 T03110206,70.00,12.00,M,10.00,FEW,5000.00,FEW,7000.00,SCT,20000.00,M
ATL,2024-08-05 23:36,KATL 052336Z 10011KT 10SM FEW040 FEW055 SCT200 BKN250 30/22 A2996 RMK AO2 WSHFT 2316 MDT CU N T03000222,100.00,11.00,M,10.00,FEW,4000.00,FEW,5500.00,SCT,20000.00,M
ATL,2024-08-05 23:52,KATL 052352Z 08012KT 10SM FEW040 FEW055 SCT200 BKN250 30/22 A2996 RMK AO2 WSHFT 2316 SLP135 MDT CU NW-N 60000 T03000217 10333 20294 55002,80.00,12.00,M,10.00,FEW,4000.00,FEW,5500.00,SCT,20000.00,M
ATL,2024-08-06 00:52,KATL 060052Z 09010KT 10SM FEW040 SCT200 BKN250 28/22 A2997 RMK AO2 SLP138 T02830222,90.00,10.00,M,10.00,FEW,4000.00,SCT,20000.00,BKN,25000.00,M
ATL,2024-08-06 01:52,KATL 060152Z 07011KT 10SM SCT200 BKN250 28/22 A2999 RMK AO2 SLP143 T02780222,70.00,11.00,M,10.00,SCT,20000.00,BKN,25000.00,M,M,M
ATL,2024-08-06 02:52,KATL 060252Z 07011KT 10SM SCT200 BKN250 27/22 A3000 RMK AO2 SLP145 T02720217 53010,70.00,11.00,M,10.00,SCT,20000.00,BKN,25000.00,M,M,M
ATL,2024-08-06 03:52,KATL 060352Z 05012KT 10SM SCT200 BKN250 27/21 A3000 RMK AO2 SLP145 T02670211,50.00,12.00,M,10.00,SCT,20000.00,BKN,25000.00,M,M,M
ATL,2024-08-06 04:52,KATL 060452Z 06010KT 10SM SCT200 BKN250 26/20 A2999 RMK AO2 SLP144 T02610200 403330239,60.00,10.00,M,10.00,SCT,20000.00,BKN,25000.00,M,M,M
ATL,2024-08-06 05:52,KATL 060552Z 05011KT 10SM FEW022 FEW050 BKN200 BKN250 26/21 A2997 RMK AO2 SLP135 T02560206 10300 20256 58009,50.00,11.00,M,10.00,FEW,2200.00,FEW,5000.00,BKN,20000.00,M
ATL,2024-08-06 06:52,KATL 060652Z 04012KT 10SM FEW022 BKN180 BKN250 26/21 A2995 RMK AO2 SLP128 T02560206 $,40.00,12.00,M,10.00,FEW,2200.00,BKN,18000.00,BKN,25000.00,M
ATL,2024-08-06 07:52,KATL 060752Z 03009KT 10SM SCT021 BKN180 BKN250 26/21 A2994 RMK AO2 SLP126 T02560206 $,30.00,9.00,M,10.00,SCT,2100.00,BKN,18000.00,BKN,25000.00,M
ATL,2024-08-06 08:52,KATL 060852Z 03012KT 10SM FEW020 FEW050 BKN180 BKN250 25/21 A2994 RMK AO2 SLP126 T02500206 55008 $,30.00,12.00,M,10.00,FEW,2000.00,FEW,5000.00,BKN,18000.00,M
ATL,2024-08-06 09:52,KATL 060952Z 02011KT 10SM FEW020 FEW042 BKN180 OVC250 25/21 A2994 RMK AO2 SLP126 T02500206 $,20.00,11.00,M,10.00,FEW,2000.00,FEW,4200.00,BKN,18000.00,M
ATL,2024-08-06 10:52,KATL 061052Z 02009KT 10SM FEW020 FEW042 BKN180 BKN250 26/21 A2996 RMK AO2 SLP131 VIRGA E-S-SW T02560206,20.00,9.00,M,10.00,FEW,2000.00,FEW,4200.00,BKN,18000.00,M
ATL,2024-08-06 11:52,KATL 061152Z 02012KT 10SM FEW042 SCT180 BKN250 26/20 A2997 RMK AO2 SLP135 VIRGA E-SE DSNT E T02560200 10256 20250 53007,20.00,12.00,M,10.00,FEW,4200.00,SCT,18000.00,BKN,25000.00,M
ATL,2024-08-06 12:52,KATL 061252Z 01010KT 10SM FEW042 SCT180 BKN250 26/20 A2997 RMK AO2 SLP139 VIRGA E-SE T02610200,10.00,10.00,M,10.00,FEW,4200.00,SCT,18000.00,BKN,25000.00,M
ATL,2024-08-06 13:52,KATL 061352Z 04010G19KT 10SM SCT044 BKN180 BKN250 28/19 A2996 RMK AO2 SLP134 T02780194,40.00,10.00,19.00,10.00,SCT,4400.00,BKN,18000.00,BKN,25000.00,M
ATL,2024-08-06 14:52,KATL 061452Z 35008KT 10SM FEW043 BKN170 BKN250 28/20 A2997 RMK AO2 SLP138 T02830200 53003,350.00,8.00,M,10.00,FEW,4300.00,BKN,17000.00,BKN,25000.00,M
ATL,2024-08-06 15:52,KATL 061552Z 36014KT 10SM SCT032 SCT045 BKN170 BKN250 29/20 A2997 RMK AO2 SLP135 T02890200,360.00,14.00,M,10.00,SCT,3200.00,SCT,4500.00,BKN,17000.00,M
ATL,2024-08-06 16:52,KATL 061652Z 36011G24KT 10SM SCT037 SCT047 BKN180 BKN250 31/21 A2994 RMK AO2 SLP126 MDT CU DSNT W-NW T03060206,360.00,11.00,24.00,10.00,SCT,3700.00,SCT,4700.00,BKN,18000.00,M
ATL,2024-08-06 17:52,KATL 061752Z 35007G17KT 10SM FEW036 SCT048 BKN180 BKN250 31/21 A2991 RMK AO2 SLP117 T03110211 10311 20256 58021,350.00,7.00,17.00,10.00,FEW,3600.00,SCT,4800.00,BKN,18000.00,M
ATL,2024-08-06 18:52,KATL 061852Z 34008KT 10SM SCT045 BKN180 BKN250 31/21 A2989 RMK AO2 SLP109 MDT CU DSNT W T03110211,340.00,8.00,M,10.00,SCT,4500.00,BKN,18000.00,BKN,25000.00,M
ATL,2024-08-06 19:52,KATL 061952Z 32010KT 10SM SCT045 BKN180 BKN250 32/22 A2987 RMK AO2 SLP101 MDT CU DSNT W-NW T03220217,320.00,10.00,M,10.00,SCT,4500.00,BKN,18000.00,BKN,25000.00,M
ATL,2024-08-06 20:52,KATL 062052Z 33012G23KT 10SM SCT060 BKN180 BKN250 33/21 A2985 RMK AO2 SLP096 MDT CU DSNT W T03280206 56019,330.00,12.00,23.00,10.00,SCT,6000.00,BKN,18000.00,BKN,25000.00,M
ATL,2024-08-06 21:52,KATL 062152Z 31010KT 10SM FEW060 BKN200 BKN250 32/20 A2984 RMK AO2 SLP092 T03220200,310.00,10.00,M,10.00,FEW,6000.00,BKN,20000.00,BKN,25000.00,M
ATL,2024-08-06 22:52,KATL 062252Z 33011KT 10SM FEW055 BKN200 BKN250 32/19 A2983 RMK AO2 SLP088 T03220194,330.00,11.00,M,10.00,FEW,5500.00,BKN,20000.00,BKN,25000.00,M
ATL,2024-08-06 23:52,KATL 062352Z 32008KT 10SM FEW055 BKN200 BKN250 31/19 A2983 RMK AO2 SLP088 T03060194 10339 20306 56008,320.00,8.00,M,10.00,FEW,5500.00,BKN,20000.00,BKN,25000.00,M
ATL,2024-08-07 00:52,KATL 070052Z 34008KT 10SM FEW055 BKN200 BKN250 30/19 A2984 RMK AO2 SLP093 T03000194,340.00,8.00,M,10.00,FEW,5500.00,BKN,20000.00,BKN,25000.00,M
ATL,2024-08-07 01:52,KATL 070152Z 35007KT 10SM FEW055 BKN200 BKN250 30/19 A2985 RMK AO2 SLP095 T03000189,350.00,7.00,M,10.00,FEW,5500.00,BKN,20000.00,BKN,25000.00,M
ATL,2024-08-07 02:52,KATL 070252Z 00000KT 10SM BKN060 BKN200 BKN250 29/22 A2986 RMK AO2 SLP098 T02890217 51010,0.00,0.00,M,10.00,BKN,6000.00,BKN,20000.00,BKN,25000.00,M
ATL,2024-08-07 03:52,KATL 070352Z 04007KT 10SM FEW060 BKN200 BKN250 28/21 A2985 RMK AO2 SLP097 T02830211,40.00,7.00,M,10.00,FEW,6000.00,BKN,20000.00,BKN,25000.00,M
ATL,2024-08-07 04:52,KATL 070452Z 06007KT 10SM FEW060 BKN200 BKN250 28/21 A2986 RMK AO2 SLP099 T02830211 403390250,60.00,7.00,M,10.00,FEW,6000.00,BKN,20000.00,BKN,25000.00,M
ATL,2024-08-07 05:52,KATL 070552Z 03007KT 10SM FEW060 BKN200 BKN250 27/21 A2986 RMK AO2 SLP097 T02720211 10306 20272 58001,30.00,7.00,M,10.00,FEW,6000.00,BKN,20000.00,BKN,25000.00,M
ATL,2024-08-07 06:52,KATL 070652Z 34005KT 10SM BKN200 BKN250 27/21 A2984 RMK AO2 SLP092 T02670206,340.00,5.00,M,10.00,BKN,20000.00,BKN,25000.00,M,M,M
ATL,2024-08-07 07:52,KATL 070752Z 31004KT 10SM SCT200 BKN250 25/21 A2982 RMK AO2 SLP085 T02500211,310.00,4.00,M,10.00,SCT,20000.00,BKN,25000.00,M,M,M
ATL,2024-08-07 08:52,KATL 070852Z 31007KT 10SM SCT200 BKN250 24/21 A2981 RMK AO2 SLP082 T02440211 56015,310.00,7.00,M,10.00,SCT,20000.00,BKN,25000.00,M,M,M
ATL,2024-08-07 09:52,KATL 070952Z 31006KT 10SM SCT200 BKN250 24/21 A2980 RMK AO2 SLP080 T02390211,310.00,6.00,M,10.00,SCT,20000.00,BKN,25000.00,M,M,M
ATL,2024-08-07 10:52,KATL 071052Z 00000KT 10SM FEW022 FEW065 FEW200 SCT250 24/21 A2982 RMK AO2 SLP086 T02390206,0.00,0.00,M,10.00,FEW,2200.00,FEW,6500.00,FEW,20000.00,M
ATL,2024-08-07 11:52,KATL 071152Z 29004KT 10SM FEW070 FEW200 SCT250 24/21 A2983 RMK AO2 SLP089 T02440211 10272 20233 53006,290.00,4.00,M,10.00,FEW,7000.00,FEW,20000.00,SCT,25000.00,M
ATL,2024-08-07 12:52,KATL 071252Z 32006KT 10SM FEW075 FEW200 SCT250 26/21 A2984 RMK AO2 SLP093 T02610211,320.00,6.00,M,10.00,FEW,7500.00,FEW,20000.00,SCT,25000.00,M
ATL,2024-08-07 13:52,KATL 071352Z 33005KT 10SM SCT075 SCT200 SCT250 28/22 A2985 RMK AO2 SLP094 T02830217,330.00,5.00,M,10.00,SCT,7500.00,SCT,20000.00,SCT,25000.00,M
ATL,2024-08-07 14:52,KATL 071452Z VRB05KT 10SM FEW075 FEW200 SCT250 29/22 A2983 RMK AO2 SLP088 T02940217 50000,M,5.00,M,10.00,FEW,7500.00,FEW,20000.00,SCT,25000.00,M
ATL,2024-08-07 15:52,KATL 071552Z 35011G16KT 10SM FEW044 SCT250 32/22 A2982 RMK AO2 SLP085 T03220217,350.00,11.00,16.00,10.00,FEW,4400.00,SCT,25000.00,M,M,M
ATL,2024-08-07 16:52,KATL 071652Z 32008G17KT 10SM SCT055 SCT250 33/22 A2981 RMK AO2 SLP079 T03280222,320.00,8.00,17.00,10.00,SCT,5500.00,SCT,25000.00,M,M,M
ATL,2024-08-07 17:52,KATL 071752Z 36010G20KT 10SM SCT050 SCT250 34/20 A2979 RMK AO2 SLP072 T03390200 10339 20244 58015,360.00,10.00,20.00,10.00,SCT,5000.00,SCT,25000.00,M,M,M
ATL,2024-08-07 18:52,KATL 071852Z 33010KT 10SM SCT055 SCT250 34/20 A2976 RMK AO2 SLP065 T03390200,330.00,10.00,M,10.00,SCT,5500.00,SCT,25000.00,M,M,M
ATL,2024-08-07 19:52,KATL 071952Z 32007G15KT 10SM SCT055 SCT250 34/21 A2974 RMK AO2 SLP057 T03440206,320.00,7.00,15.00,10.00,SCT,5500.00,SCT,25000.00,M,M,M
ATL,2024-08-07 20:52,KATL 072052Z 34012G21KT 10SM SCT060 SCT250 36/20 A2973 RMK AO2 SLP052 T03560200 56019,340.00,12.00,21.00,10.00,SCT,6000.00,SCT,25000.00,M,M,M
ATL,2024-08-07 21:52,KATL 072152Z 31013G17KT 10SM SCT060 SCT250 35/19 A2971 RMK AO2 SLP048 T03500194,310.00,13.00,17.00,10.00,SCT,6000.00,SCT,25000.00,M,M,M
ATL,2024-08-07 22:52,KATL 072252Z 33009KT 10SM FEW060 FEW250 34/20 A2971 RMK AO2 SLP048 T03390200,330.00,9.00,M,10.00,FEW,6000.00,FEW,25000.00,M,M,M
ATL,2024-08-07 23:52,KATL 072352Z 31010KT 10SM FEW060 FEW250 33/19 A2972 RMK AO2 SLP050 T03280194 10356 20328 55003,310.00,10.00,M,10.00,FEW,6000.00,FEW,25000.00,M,M,M
ATL,2024-08-08 00:52,KATL 080052Z 32009KT 10SM FEW060 FEW250 31/20 A2972 RMK AO2 SLP051 T03110200,320.00,9.00,M,10.00,FEW,6000.00,FEW,25000.00,M,M,M
ATL,2024-08-08 01:52,KATL 080152Z 33006KT 10SM FEW060 FEW250 30/20 A2973 RMK AO2 SLP053 T03000200,330.00,6.00,M,10.00,FEW,6000.00,FEW,25000.00,M,M,M
ATL,2024-08-08 02:52,KATL 080252Z 35009KT 10SM FEW060 FEW250 30/20 A2973 RMK AO2 SLP055 T03000200 53005,350.00,9.00,M,10.00,FEW,6000.00,FEW,25000.00,M,M,M
ATL,2024-08-08 03:52,KATL 080352Z 02010KT 10SM SCT065 SCT250 31/21 A2974 RMK AO2 SLP056 T03060206,20.00,10.00,M,10.00,SCT,6500.00,SCT,25000.00,M,M,M
ATL,2024-08-08 04:52,KATL 080452Z 05005KT 10SM FEW065 FEW250 29/21 A2974 RMK AO2 SLP055 T02890211 403560233,50.00,5.00,M,10.00,FEW,6500.00,FEW,25000.00,M,M,M
ATL,2024-08-08 05:52,KATL 080552Z 04006KT 10SM FEW065 FEW100 FEW250 28/21 A2973 RMK AO2 SLP052 T02830211 10328 20283 58002,40.00,6.00,M,10.00,FEW,6500.00,FEW,10000.00,FEW,25000.00,M
ATL,2024-08-08 06:52,KATL 080652Z 04005KT 10SM SCT065 SCT250 28/21 A2973 RMK AO2 SLP051 T02830206,40.00,5.00,M,10.00,SCT,6500.00,SCT,25000.00,M,M,M
ATL,2024-08-08 07:52,KATL 080752Z 00000KT 10SM SCT049 BKN250 28/21 A2972 RMK AO2 SLP051 T02780211,0.00,0.00,M,10.00,SCT,4900.00,BKN,25000.00,M,M,M
ATL,2024-08-08 08:52,KATL 080852Z 01005KT 10SM FEW050 FEW250 27/22 A2972 RMK AO2 SLP048 T02670217 58003,10.00,5.00,M,10.00,FEW,5000.00,FEW,25000.00,M,M,M
ATL,2024-08-08 09:52,KATL 080952Z 03003KT 10SM FEW050 SCT070 SCT250 27/22 A2972 RMK AO2 SLP050 T02720217,30.00,3.00,M,10.00,FEW,5000.00,SCT,7000.00,SCT,25000.00,M
ATL,2024-08-08 10:52,KATL 081052Z 09003KT 10SM FEW048 FEW065 27/21 A2973 RMK AO2 SLP055 T02670211,90.00,3.00,M,10.00,FEW,4800.00,FEW,6500.00,M,M,M
ATL,2024-08-08 11:52,KATL 081152Z 28004KT 10SM FEW050 FEW180 26/22 A2974 RMK AO2 SLP057 T02560222 10283 20250 51008,280.00,4.00,M,10.00,FEW,5000.00,FEW,18000.00,M,M,M
ATL,2024-08-08 12:52,KATL 081252Z 26006KT 10SM FEW070 28/22 A2975 RMK AO2 SLP060 T02780222,260.00,6.00,M,10.00,FEW,7000.00,M,M,M,M,M
ATL,2024-08-08 13:52,KATL 081352Z 24007KT 10SM FEW250 29/22 A2974 RMK AO2 SLP058 T02940222,240.00,7.00,M,10.00,FEW,25000.00,M,M,M,M,M
ATL,2024-08-08 14:52,KATL 081452Z 27012KT 10SM FEW030 FEW150 FEW200 31/22 A2974 RMK AO2 SLP058 T03060222 50001,270.00,12.00,M,10.00,FEW,3000.00,FEW,15000.00,FEW,20000.00,M
ATL,2024-08-08 15:52,KATL 081552Z 28010KT 10SM FEW036 FEW150 SCT200 32/23 A2975 RMK AO2 SLP058 T03170228,280.00,10.00,M,10.00,FEW,3600.00,FEW,15000.00,SCT,20000.00,M
ATL,2024-08-08 16:52,KATL 081652Z 31011G19KT 10SM FEW038 FEW150 SCT200 33/23 A2973 RMK AO2 SLP054 T03330228,310.00,11.00,19.00,10.00,FEW,3800.00,FEW,15000.00,SCT,20000.00,M
ATL,2024-08-08 17:52,KATL 081752Z 28014G20KT 10SM SCT042 SCT150 SCT200 33/23 A2973 RMK AO2 SLP051 TCU DSNT E SW MDT CU ALQDS T03330228 10339 20256 58005,280.00,14.00,20.00,10.00,SCT,4200.00,SCT,15000.00,SCT,20000.00,M
ATL,2024-08-08 18:52,KATL 081852Z 28011G18KT 10SM FEW048TCU SCT065 SCT150 SCT200 33/22 A2972 RMK AO2 SLP050 TCU N W-NW DSNT SE MDT CU ALQDS T03330222,280.00,11.00,18.00,10.00,FEW,4800.00,SCT,6500.00,SCT,15000.00,M
ATL,2024-08-08 19:52,KATL 081952Z 31012G19KT 10SM FEW048TCU FEW080 FEW150 SCT200 34/22 A2972 RMK AO2 SLP048 CB DSNT NE TCU N DSNT SE-SW T03440222,310.00,12.00,19.00,10.00,FEW,4800.00,FEW,8000.00,FEW,15000.00,M
ATL,2024-08-08 20:52,KATL 082052Z 30014G20KT 10SM FEW050TCU SCT085 SCT200 35/22 A2971 RMK AO2 SLP045 CB DSNT NE-E NW TCU NE NW T03500222 58006,300.00,14.00,20.00,10.00,FEW,5000.00,SCT,8500.00,SCT,20000.00,M
ATL,2024-08-08 21:52,KATL 082152Z 30011KT 10SM FEW050 FEW200 34/22 A2971 RMK AO2 SLP045 CB DSNT SW T03440222,300.00,11.00,M,10.00,FEW,5000.00,FEW,20000.00,M,M,M
ATL,2024-08-08 22:52,KATL 082252Z 32013KT 10SM FEW055 FEW200 34/21 A2972 RMK AO2 SLP049 T03390206,320.00,13.00,M,10.00,FEW,5500.00,FEW,20000.00,M,M,M
ATL,2024-08-08 23:52,KATL 082352Z 32008KT 10SM FEW055 FEW200 33/21 A2973 RMK AO2 SLP054 T03280206 10356 20328 53008,320.00,8.00,M,10.00,FEW,5500.00,FEW,20000.00,M,M,M
ATL,2024-08-09 00:52,KATL 090052Z 31009KT 10SM FEW140 SCT200 30/22 A2975 RMK AO2 SLP062 T03000222,310.00,9.00,M,10.00,FEW,14000.00,SCT,20000.00,M,M,M
ATL,2024-08-09 01:52,KATL 090152Z 30008KT 10SM FEW140 SCT200 29/22 A2977 RMK AO2 SLP067 T02940222,300.00,8.00,M,10.00,FEW,14000.00,SCT,20000.00,M,M,M
ATL,2024-08-09 02:52,KATL 090252Z 31007KT 10SM SCT150 BKN250 28/22 A2979 RMK AO2 SLP075 T02830222 53020,310.00,7.00,M,10.00,SCT,15000.00,BKN,25000.00,M,M,M
ATL,2024-08-09 03:52,KATL 090352Z 32010KT 10SM FEW150 SCT250 28/22 A2980 RMK AO2 SLP077 T02780217,320.00,10.00,M,10.00,FEW,15000.00,SCT,25000.00,M,M,M
ATL,2024-08-09 04:52,KATL 090452Z 33008KT 10SM SCT150 SCT250 27/22 A2980 RMK AO2 SLP079 T02720217 403560250,330.00,8.00,M,10.00,SCT,15000.00,SCT,25000.00,M,M,M
ATL,2024-08-09 05:52,KATL 090552Z 31009KT 10SM FEW150 SCT250 27/22 A2980 RMK AO2 SLP079 T02670217 10328 20267 50004,310.00,9.00,M,10.00,FEW,15000.00,SCT,25000.00,M,M,M
ATL,2024-08-09 06:52,KATL 090652Z 32008KT 10SM FEW150 FEW250 26/22 A2980 RMK AO2 SLP079 T02610217,320.00,8.00,M,10.00,FEW,15000.00,FEW,25000.00,M,M,M
ATL,2024-08-09 07:52,KATL 090752Z 33008KT 10SM FEW150 FEW250 26/22 A2981 RMK AO2 SLP082 T02560217,330.00,8.00,M,10.00,FEW,15000.00,FEW,25000.00,M,M,M
ATL,2024-08-09 08:52,KATL 090852Z 33007KT 10SM FEW150 FEW250 26/22 A2981 RMK AO2 SLP081 T02560217 50002,330.00,7.00,M,10.00,FEW,15000.00,FEW,25000.00,M,M,M
ATL,2024-08-09 09:52,KATL 090952Z 33008KT 10SM SCT250 25/22 A2983 RMK AO2 SLP087 T02500222,330.00,8.00,M,10.00,SCT,25000.00,M,M,M,M,M
ATL,2024-08-09 10:52,KATL 091052Z 33006KT 10SM FEW200 SCT250 24/22 A2986 RMK AO2 SLP097 T02440222,330.00,6.00,M,10.00,FEW,20000.00,SCT,25000.00,M,M,M
ATL,2024-08-09 11:52,KATL 091152Z 33008KT 10SM FEW200 SCT250 26/22 A2988 RMK AO2 SLP103 T02560222 10267 20244 52021,330.00,8.00,M,10.00,FEW,20000.00,SCT,25000.00,M,M,M
ATL,2024-08-09 12:52,KATL 091252Z 33009KT 10SM FEW130 SCT250 27/22 A2989 RMK AO2 SLP108 ACC DSNT W T02670222,330.00,9.00,M,10.00,FEW,13000.00,SCT,25000.00,M,M,M
ATL,2024-08-09 13:52,KATL 091352Z 35006KT 10SM FEW130 SCT250 29/22 A2990 RMK AO2 SLP111 T02890222,350.00,6.00,M,10.00,FEW,13000.00,SCT,25000.00,M,M,M
ATL,2024-08-09 14:52,KATL 091452Z VRB03KT 10SM FEW030 SCT250 31/22 A2991 RMK AO2 SLP117 T03110222 53013,M,3.00,M,10.00,FEW,3000.00,SCT,25000.00,M,M,M
ATL,2024-08-09 15:52,KATL 091552Z 29006KT 10SM FEW036 FEW250 32/23 A2992 RMK AO2 SLP119 T03220233,290.00,6.00,M,10.00,FEW,3600.00,FEW,25000.00,M,M,M
ATL,2024-08-09 16:52,KATL 091652Z 34007KT 10SM SCT038TCU SCT250 33/23 A2991 RMK AO2 SLP117 TCU SE MDT CU ALQDS T03330228,340.00,7.00,M,10.00,SCT,3800.00,SCT,25000.00,M,M,M
ATL,2024-08-09 17:52,KATL 091752Z 28004KT 10SM SCT045TCU SCT250 34/22 A2991 RMK AO2 SLP115 TCU SE-S MDT CU ALQDS T03390217 10339 20256 58001,280.00,4.00,M,10.00,SCT,4500.00,SCT,25000.00,M,M,M
ATL,2024-08-09 18:52,KATL 091852Z 33009G14KT 10SM SCT048TCU SCT250 35/22 A2991 RMK AO2 SLP115 TCU NW DSNT SE MDT CU ALQDS T03500217,330.00,9.00,14.00,10.00,SCT,4800.00,SCT,25000.00,M,M,M
ATL,2024-08-09 19:52,KATL 091952Z 32009G19KT 10SM SCT055 SCT250 35/21 A2990 RMK AO2 SLP111 TCU DSNT SE MDT CU ALQDS T03500206,320.00,9.00,19.00,10.00,SCT,5500.00,SCT,25000.00,M,M,M
ATL,2024-08-09 20:52,KATL 092052Z 31011KT 10SM FEW055 BKN250 34/21 A2990 RMK AO2 SLP112 TCU DSNT SE S MDT CU NE-E DSNT SW T03390206 55003,310.00,11.00,M,10.00,FEW,5500.00,BKN,25000.00,M,M,M
ATL,2024-08-09 21:52,KATL 092152Z 30012KT 10SM FEW055 SCT250 34/20 A2990 RMK AO2 SLP113 T03440200,300.00,12.00,M,10.00,FEW,5500.00,SCT,25000.00,M,M,M
ATL,2024-08-09 22:52,KATL 092252Z 31009KT 10SM FEW055 SCT250 33/19 A2991 RMK AO2 SLP116 T03330194,310.00,9.00,M,10.00,FEW,5500.00,SCT,25000.00,M,M,M
ATL,2024-08-09 23:52,KATL 092352Z 30006KT 10SM FEW055 SCT250 32/19 A2992 RMK AO2 SLP119 T03220189 10350 20322 53005,300.00,6.00,M,10.00,FEW,5500.00,SCT,25000.00,M,M,M
ATL,2024-08-10 00:52,KATL 100052Z 31007KT 10SM FEW055 SCT250 31/19 A2994 RMK AO2 SLP126 T03060194,310.00,7.00,M,10.00,FEW,5500.00,SCT,25000.00,M,M,M
ATL,2024-08-10 01:52,KATL 100152Z 34007KT 10SM FEW250 30/19 A2997 RMK AO2 SLP134 T03000194,340.00,7.00,M,10.00,FEW,25000.00,M,M,M,M,M
ATL,2024-08-10 02:52,KATL 100252Z 34007KT 10SM FEW250 29/20 A2998 RMK AO2 SLP138 T02890200 51019,340.00,7.00,M,10.00,FEW,25000.00,M,M,M,M,M
ATL,2024-08-10 03:52,KATL 100352Z 33007KT 10SM FEW250 28/20 A2998 RMK AO2 SLP140 T02780200,330.00,7.00,M,10.00,FEW,25000.00,M,M,M,M,M
ATL,2024-08-10 04:52,KATL 100452Z 33009KT 10SM SCT250 27/20 A2999 RMK AO2 SLP143 T02720200 403500244,330.00,9.00,M,10.00,SCT,25000.00,M,M,M,M,M
ATL,2024-08-10 05:52,KATL 100552Z 33007KT 10SM FEW250 26/19 A2998 RMK AO2 SLP140 T02610194 10322 20261 50002,330.00,7.00,M,10.00,FEW,25000.00,M,M,M,M,M
ATL,2024-08-10 06:52,KATL 100652Z 33007KT 10SM FEW200 26/19 A2998 RMK AO2 SLP139 T02560194,330.00,7.00,M,10.00,FEW,20000.00,M,M,M,M,M
ATL,2024-08-10 07:52,KATL 100752Z 33006KT 10SM FEW200 24/19 A2999 RMK AO2 SLP141 T02440189,330.00,6.00,M,10.00,FEW,20000.00,M,M,M,M,M
ATL,2024-08-10 08:52,KATL 100852Z 32005KT 10SM FEW200 24/19 A2999 RMK AO2 SLP142 T02390189 53001,320.00,5.00,M,10.00,FEW,20000.00,M,M,M,M,M
ATL,2024-08-10 09:52,KATL 100952Z 32006KT 10SM FEW200 23/19 A3000 RMK AO2 SLP148 T02330189,320.00,6.00,M,10.00,FEW,20000.00,M,M,M,M,M
ATL,2024-08-10 10:52,KATL 101052Z 31007KT 10SM FEW200 23/19 A3002 RMK AO2 SLP152 T02280189,310.00,7.00,M,10.00,FEW,20000.00,M,M,M,M,M
ATL,2024-08-10 11:52,KATL 101152Z 33006KT 10SM FEW200 23/19 A3003 RMK AO2 SLP157 T02330189 10261 20228 51014,330.00,6.00,M,10.00,FEW,20000.00,M,M,M,M,M
ATL,2024-08-10 12:52,KATL 101252Z 32006KT 10SM FEW250 25/19 A3005 RMK AO2 SLP164 T02500194,320.00,6.00,M,10.00,FEW,25000.00,M,M,M,M,M
ATL,2024-08-10 13:52,KATL 101352Z 31004KT 10SM FEW250 27/20 A3005 RMK AO2 SLP163 T02720200,310.00,4.00,M,10.00,FEW,25000.00,M,M,M,M,M
ATL,2024-08-10 14:52,KATL 101452Z 25005KT 10SM CLR 29/21 A3006 RMK AO2 SLP167 T02890211 51010,250.00,5.00,M,10.00,CLR,M,M,M,M,M,M
ATL,2024-08-10 15:52,KATL 101552Z 31006KT 10SM FEW032 31/21 A3007 RMK AO2 SLP170 T03060211,310.00,6.00,M,10.00,FEW,3200.00,M,M,M,M,M
ATL,2024-08-10 16:52,KATL 101652Z 02006KT 10SM FEW042 32/21 A3006 RMK AO2 SLP167 T03170206,20.00,6.00,M,10.00,FEW,4200.00,M,M,M,M,M
ATL,2024-08-10 17:52,KATL 101752Z VRB04KT 10SM SCT042 32/21 A3005 RMK AO2 SLP165 MDT CU NE T03170206 10322 20233 58002,M,4.00,M,10.00,SCT,4200.00,M,M,M,M,M
ATL,2024-08-10 18:52,KATL 101852Z 28006KT 10SM SCT042 33/21 A3004 RMK AO2 SLP159 T03280211,280.00,6.00,M,10.00,SCT,4200.00,M,M,M,M,M
ATL,2024-08-10 19:52,KATL 101952Z 30006KT 10SM FEW044 FEW250 33/21 A3002 RMK AO2 SLP153 T03330211,300.00,6.00,M,10.00,FEW,4400.00,FEW,25000.00,M,M,M
ATL,2024-08-10 20:52,KATL 102052Z 32005G14KT 10SM FEW048 FEW250 33/20 A3001 RMK AO2 SLP150 T03330200 56015,320.00,5.00,14.00,10.00,FEW,4800.00,FEW,25000.00,M,M,M
ATL,2024-08-10 21:52,KATL 102152Z 29010KT 10SM FEW048 FEW250 33/21 A3001 RMK AO2 SLP149 MDT CU DSNT NE T03330211,290.00,10.00,M,10.00,FEW,4800.00,FEW,25000.00,M,M,M
ATL,2024-08-10 22:52,KATL 102252Z 30010KT 10SM FEW048 FEW250 32/21 A3001 RMK AO2 SLP150 T03220206,300.00,10.00,M,10.00,FEW,4800.00,FEW,25000.00,M,M,M
ATL,2024-08-10 23:52,KATL 102352Z 29010KT 10SM FEW048 FEW250 31/20 A3002 RMK AO2 SLP155 T03060200 10339 20306 53004,290.00,10.00,M,10.00,FEW,4800.00,FEW,25000.00,M,M,M
ATL,2024-08-11 00:52,KATL 110052Z 32009KT 10SM FEW080 FEW250 29/18 A3003 RMK AO2 SLP159 T02940183,320.00,9.00,M,10.00,FEW,8000.00,FEW,25000.00,M,M,M
ATL,2024-08-11 01:52,KATL 110152Z 33008G16KT 10SM FEW080 SCT250 29/18 A3004 RMK AO2 SLP161 T02890178,330.00,8.00,16.00,10.00,FEW,8000.00,SCT,25000.00,M,M,M
ATL,2024-08-11 02:52,KATL 110252Z 34007KT 300V010 10SM SCT250 28/18 A3005 RMK AO2 SLP164 T02780183 51010,340.00,7.00,M,10.00,SCT,25000.00,M,M,M,M,M
ATL,2024-08-11 03:52,KATL 110352Z 33006KT 10SM SCT250 27/18 A3005 RMK AO2 SLP165 T02670183,330.00,6.00,M,10.00,SCT,25000.00,M,M,M,M,M
ATL,2024-08-11 04:52,KATL 110452Z 33006KT 10SM SCT250 26/18 A3005 RMK AO2 SLP164 T02610183 403390228,330.00,6.00,M,10.00,SCT,25000.00,M,M,M,M,M
ATL,2024-08-11 05:52,KATL 110552Z 31007KT 10SM SCT250 25/17 A3004 RMK AO2 SLP160 T02500172 10306 20250 58003,310.00,7.00,M,10.00,SCT,25000.00,M,M,M,M,M
ATL,2024-08-11 06:52,KATL 110652Z 32009KT 10SM FEW250 24/17 A3003 RMK AO2 SLP158 T02390172,320.00,9.00,M,10.00,FEW,25000.00,M,M,M,M,M
ATL,2024-08-11 07:52,KATL 110752Z 31005KT 10SM SCT250 23/17 A3003 RMK AO2 SLP156 T02280172,310.00,5.00,M,10.00,SCT,25000.00,M,M,M,M,M
ATL,2024-08-11 08:52,KATL 110852Z 28005KT 10SM FEW200 22/17 A3004 RMK AO2 SLP159 T02220172 55001,280.00,5.00,M,10.00,FEW,20000.00,M,M,M,M,M
ATL,2024-08-11 09:52,KATL 110952Z 29005KT 10SM FEW200 21/17 A3004 RMK AO2 SLP162 T02110167,290.00,5.00,M,10.00,FEW,20000.00,M,M,M,M,M
ATL,2024-08-11 10:52,KATL 111052Z 31006KT 10SM FEW200 21/17 A3006 RMK AO2 SLP167 T02110167,310.00,6.00,M,10.00,FEW,20000.00,M,M,M,M,M
ATL,2024-08-11 11:52,KATL 111152Z 32006KT 10SM CLR 22/17 A3007 RMK AO2 SLP170 T02170167 10250 20206 53010,320.00,6.00,M,10.00,CLR,M,M,M,M,M,M
ATL,2024-08-11 12:52,KATL 111252Z 30007KT 10SM CLR 23/17 A3007 RMK AO2 SLP170 T02280172,300.00,7.00,M,10.00,CLR,M,M,M,M,M,M
ATL,2024-08-11 13:52,KATL 111352Z VRB04KT 10SM CLR 25/18 A3007 RMK AO2 SLP173 T02500178,M,4.00,M,10.00,CLR,M,M,M,M,M,M
ATL,2024-08-11 14:52,KATL 111452Z 31003KT 10SM CLR 28/19 A3007 RMK AO2 SLP172 T02780189 50002,310.00,3.00,M,10.00,CLR,M,M,M,M,M,M
ATL,2024-08-11 15:52,KATL 111552Z 30004KT 10SM CLR 29/19 A3007 RMK AO2 SLP172 T02890189,300.00,4.00,M,10.00,CLR,M,M,M,M,M,M
ATL,2024-08-11 16:52,KATL 111652Z 27007KT 10SM FEW042 31/19 A3007 RMK AO2 SLP170 T03060194,270.00,7.00,M,10.00,FEW,4200.00,M,M,M,M,M
ATL,2024-08-11 17:52,KATL 111752Z 26008KT 10SM FEW045 32/19 A3006 RMK AO2 SLP166 T03170189 10317 20217 58006,260.00,8.00,M,10.00,FEW,4500.00,M,M,M,M,M
ATL,2024-08-11 18:52,KATL 111852Z 29006KT 10SM FEW050 33/18 A3005 RMK AO2 SLP165 MDT CU DSNT N-NE T03280178,290.00,6.00,M,10.00,FEW,5000.00,M,M,M,M,M
ATL,2024-08-11 19:52,KATL 111952Z 26007KT 240V310 10SM FEW060 FEW250 32/17 A3002 RMK AO2 SLP155 TCU DSNT NE T03220172,260.00,7.00,M,10.00,FEW,6000.00,FEW,25000.00,M,M,M
ATL,2024-08-11 20:52,KATL 112052Z 30003KT 10SM FEW060 SCT250 33/17 A3001 RMK AO2 SLP150 TCU DSNT NE T03280172 58015,300.00,3.00,M,10.00,FEW,6000.00,SCT,25000.00,M,M,M
ATL,2024-08-11 21:52,KATL 112152Z 26010KT 10SM FEW060 SCT250 32/18 A3000 RMK AO2 SLP149 T03220183,260.00,10.00,M,10.00,FEW,6000.00,SCT,25000.00,M,M,M
ATL,2024-08-11 22:52,KATL 112252Z 28008KT 10SM FEW060 BKN250 32/18 A3001 RMK AO2 SLP150 T03170178,280.00,8.00,M,10.00,FEW,6000.00,BKN,25000.00,M,M,M
ATL,2024-08-11 23:52,KATL 112352Z 28007KT 10SM FEW060 FEW075 SCT200 BKN250 30/18 A3001 RMK AO2 SLP153 T03000178 10333 20300 53001,280.00,7.00,M,10.00,FEW,6000.00,FEW,7500.00,SCT,20000.00,M
ATL,2024-08-12 00:52,KATL 120052Z 31008KT 10SM FEW070 SCT200 BKN250 29/16 A3002 RMK AO2 SLP155 T02890161,310.00,8.00,M,10.00,FEW,7000.00,SCT,20000.00,BKN,25000.00,M
ATL,2024-08-12 01:52,KATL 120152Z 32007KT 10SM FEW200 BKN250 28/16 A3003 RMK AO2 SLP157 T02830156,320.00,7.00,M,10.00,FEW,20000.00,BKN,25000.00,M,M,M
ATL,2024-08-12 02:52,KATL 120252Z 31007KT 10SM FEW200 BKN250 27/16 A3004 RMK AO2 SLP163 T02670156 53010,310.00,7.00,M,10.00,FEW,20000.00,BKN,25000.00,M,M,M
ATL,2024-08-12 03:52,KATL 120352Z 32007KT 10SM SCT250 26/16 A3004 RMK AO2 SLP163 T02560161,320.00,7.00,M,10.00,SCT,25000.00,M,M,M,M,M
ATL,2024-08-12 04:52,KATL 120452Z 30007KT 10SM FEW200 SCT250 24/16 A3004 RMK AO2 SLP161 T02440156 403330206,300.00,7.00,M,10.00,FEW,20000.00,SCT,25000.00,M,M,M
ATL,2024-08-12 05:52,KATL 120552Z 31007KT 10SM SCT200 BKN250 24/16 A3004 RMK AO2 SLP159 T02390161 10300 20239 58002,310.00,7.00,M,10.00,SCT,20000.00,BKN,25000.00,M,M,M
ATL,2024-08-12 06:52,KATL 120652Z 30004KT 10SM SCT200 SCT250 23/17 A3003 RMK AO2 SLP155 T02280167 $,300.00,4.00,M,10.00,SCT,20000.00,SCT,25000.00,M,M,M
ATL,2024-08-12 07:52,KATL 120752Z 31007KT 10SM SCT200 SCT250 22/17 A3002 RMK AO2 SLP154 T02220167 $,310.00,7.00,M,10.00,SCT,20000.00,SCT,25000.00,M,M,M
ATL,2024-08-12 08:52,KATL 120852Z 32004KT 10SM FEW200 22/17 A3001 RMK AO2 SLP151 T02220167 56008 $,320.00,4.00,M,10.00,FEW,20000.00,M,M,M,M,M
ATL,2024-08-12 09:52,KATL 120952Z 31004KT 10SM CLR 22/17 A3002 RMK AO2 SLP154 T02170167 $,310.00,4.00,M,10.00,CLR,M,M,M,M,M,M
ATL,2024-08-12 10:52,KATL 121052Z 30004KT 10SM FEW200 21/17 A3003 RMK AO2 SLP158 T02110167,300.00,4.00,M,10.00,FEW,20000.00,M,M,M,M,M
ATL,2024-08-12 11:52,KATL 121152Z 30007KT 10SM FEW200 22/17 A3005 RMK AO2 SLP166 T02170167 10239 20211 53014,300.00,7.00,M,10.00,FEW,20000.00,M,M,M,M,M
ATL,2024-08-12 12:29,KATL 121229Z 31007KT 10SM SCT010 SCT200 23/17 A3007 RMK AO2 T02280172,310.00,7.00,M,10.00,SCT,1000.00,SCT,20000.00,M,M,M
ATL,2024-08-12 12:52,KATL 121252Z 32008KT 10SM FEW011 24/17 A3007 RMK AO2 SLP171 T02390172,320.00,8.00,M,10.00,FEW,1100.00,M,M,M,M,M
ATL,2024-08-12 13:52,KATL 121352Z VRB03KT 10SM FEW014 FEW250 26/18 A3007 RMK AO2 SLP173 T02610178,M,3.00,M,10.00,FEW,1400.00,FEW,25000.00,M,M,M
ATL,2024-08-12 14:52,KATL 121452Z 30005KT 10SM FEW022 FEW200 SCT250 28/21 A3008 RMK AO2 SLP173 T02830206 51008,300.00,5.00,M,10.00,FEW,2200.00,FEW,20000.00,SCT,25000.00,M
ATL,2024-08-12 15:52,KATL 121552Z 32006KT 10SM FEW034 FEW140 SCT200 SCT250 30/18 A3008 RMK AO2 SLP174 T03000183,320.00,6.00,M,10.00,FEW,3400.00,FEW,14000.00,SCT,20000.00,M
ATL,2024-08-12 16:52,KATL 121652Z 30009KT 10SM FEW044 FEW200 SCT250 31/18 A3007 RMK AO2 SLP170 T03110183,300.00,9.00,M,10.00,FEW,4400.00,FEW,20000.00,SCT,25000.00,M
ATL,2024-08-12 17:52,KATL 121752Z 29007KT 10SM FEW055 FEW200 SCT250 32/17 A3006 RMK AO2 SLP167 T03170172 10322 20217 58006,290.00,7.00,M,10.00,FEW,5500.00,FEW,20000.00,SCT,25000.00,M
ATL,2024-08-12 18:52,KATL 121852Z 35008KT 10SM FEW065 FEW150 SCT200 SCT250 33/17 A3004 RMK AO2 SLP161 T03280167,350.00,8.00,M,10.00,FEW,6500.00,FEW,15000.00,SCT,20000.00,M
ATL,2024-08-12 19:52,KATL 121952Z 31007KT 10SM FEW065 SCT200 SCT250 33/17 A3003 RMK AO2 SLP157 T03280167,310.00,7.00,M,10.00,FEW,6500.00,SCT,20000.00,SCT,25000.00,M
ATL,2024-08-12 20:52,KATL 122052Z 30005KT 10SM FEW070 SCT200 SCT250 33/17 A3002 RMK AO2 SLP152 T03280167 56014,300.00,5.00,M,10.00,FEW,7000.00,SCT,20000.00,SCT,25000.00,M
ATL,2024-08-12 21:52,KATL 122152Z 30008KT 10SM FEW070 SCT200 SCT250 33/18 A3002 RMK AO2 SLP154 T03280178,300.00,8.00,M,10.00,FEW,7000.00,SCT,20000.00,SCT,25000.00,M
ATL,2024-08-12 22:52,KATL 122252Z 30009KT 10SM FEW070 SCT200 BKN250 32/17 A3002 RMK AO2 SLP153 T03170172,300.00,9.00,M,10.00,FEW,7000.00,SCT,20000.00,BKN,25000.00,M
ATL,2024-08-12 23:52,KATL 122352Z 30009KT 10SM FEW200 SCT250 31/17 A3002 RMK AO2 SLP155 T03060172 10333 20306 53002,300.00,9.00,M,10.00,FEW,20000.00,SCT,25000.00,M,M,M
ATL,2024-08-13 00:52,KATL 130052Z 32006K