runtime,ftime,model,tmp,dpt,cld,wdr,wsp,p06,cig,vis,obv,poz,pos,typ,gst,station,ccg,ppo,pco,cvs,lp1,lc1,cp1,cc1,p01,pc1
2024-08-01 00:00:00,2024-08-01 01:00:00,LAV,81,73,BK,200,4,,8,7,N ,,,,,KATL,8,1.0,N,7,0.0,N,7.0,N,0,N
2024-08-01 00:00:00,2024-08-01 02:00:00,LAV,79,74,BK,210,4,,8,7,N ,,,,,KATL,8,1.0,N,7,5.0,N,5.0,N,3,N
2024-08-01 00:00:00,2024-08-01 03:00:00,LAV,78,73,BK,210,4,,8,7,N ,,,,,KATL,8,1.0,N,7,6.0,N,2.0,N,3,N
2024-08-01 00:00:00,2024-08-01 04:00:00,LAV,78,73,BK,220,4,,8,7,N ,,,,,KATL,8,1.0,N,7,6.0,N,3.0,N,3,N
2024-08-01 00:00:00,2024-08-01 05:00:00,LAV,77,73,BK,230,4,,8,7,N ,,,,,KATL,8,0.0,N,7,4.0,N,1.0,N,3,N
2024-08-01 00:00:00,2024-08-01 06:00:00,LAV,77,72,BK,240,4,5.0,8,7,N ,,,,,KATL,8,0.0,N,7,4.0,N,1.0,N,2,N
2024-08-01 00:00:00,2024-08-01 07:00:00,LAV,76,72,BK,260,4,,8,7,N ,,,,,KATL,8,0.0,N,7,2.0,N,0.0,N,1,N
2024-08-01 00:00:00,2024-08-01 08:00:00,LAV,76,72,SC,270,4,,8,7,N ,,,,,KATL,8,0.0,N,7,2.0,N,0.0,N,1,N
2024-08-01 00:00:00,2024-08-01 09:00:00,LAV,76,72,BK,270,5,,8,7,N ,,,,,KATL,8,0.0,N,7,2.0,N,0.0,N,1,N
2024-08-01 00:00:00,2024-08-01 10:00:00,LAV,76,72,BK,280,4,,8,7,N ,,,,,KATL,8,0.0,N,7,1.0,N,0.0,N,1,N
2024-08-01 00:00:00,2024-08-01 11:00:00,LAV,76,72,BK,280,4,,8,7,N ,,,,,KATL,8,0.0,N,7,0.0,N,0.0,N,1,N
2024-08-01 00:00:00,2024-08-01 12:00:00,LAV,77,73,SC,280,4,1.0,8,7,N ,,,,,KATL,8,0.0,N,7,0.0,N,0.0,N,1,N
2024-08-01 00:00:00,2024-08-01 13:00:00,LAV,80,73,FW,290,6,,8,7,N ,,,,,KATL,8,0.0,N,7,2.0,N,0.0,N,1,N
2024-08-01 00:00:00,2024-08-01 14:00:00,LAV,84,74,SC,290,6,,8,7,N ,,,,,KATL,8,0.0,N,7,2.0,N,0.0,N,2,N
2024-08-01 00:00:00,2024-08-01 15:00:00,LAV,87,75,SC,300,7,,8,7,N ,,,,,KATL,8,0.0,N,7,2.0,N,0.0,N,1,N
2024-08-01 00:00:00,2024-08-01 16:00:00,LAV,89,74,BK,300,7,,8,7,N ,,,,,KATL,8,0.0,N,7,1.0,N,0.0,N,1,N
2024-08-01 00:00:00,2024-08-01 17:00:00,LAV,91,74,BK,300,7,,8,7,N ,,,,,KATL,8,0.0,N,7,2.0,N,4.0,N,1,N
2024-08-01 00:00:00,2024-08-01 18:00:00,LAV,92,73,BK,290,8,3.0,8,7,N ,,,,,KATL,7,0.0,N,7,3.0,N,10.0,N,2,N
2024-08-01 00:00:00,2024-08-01 19:00:00,LAV,93,73,BK,280,8,,8,7,N ,,,,,KATL,8,0.0,N,7,6.0,N,12.0,N,3,N
2024-08-01 00:00:00,2024-08-01 20:00:00,LAV,92,72,BK,280,8,,8,7,N ,,,,,KATL,8,2.0,N,7,9.0,N,16.0,N,3,N
2024-08-01 00:00:00,2024-08-01 21:00:00,LAV,92,72,BK,280,8,,8,7,N ,,,,,KATL,8,3.0,N,7,11.0,N,18.0,L,4,N
2024-08-01 00:00:00,2024-08-01 22:00:00,LAV,92,72,BK,270,7,,8,7,N ,,,,,KATL,8,2.0,N,7,11.0,N,16.0,L,4,N
2024-08-01 00:00:00,2024-08-01 23:00:00,LAV,90,72,BK,260,7,,8,7,N ,,,,,KATL,8,2.0,N,7,11.0,N,13.0,N,4,N
2024-08-01 00:00:00,2024-08-02 00:00:00,LAV,87,72,BK,260,6,10.0,8,7,N ,,,,,KATL,8,1.0,N,7,11.0,N,9.0,N,4,N
2024-08-01 00:00:00,2024-08-02 01:00:00,LAV,84,72,BK,250,5,,8,7,N ,,,,,KATL,8,1.0,N,7,7.0,N,7.0,N,3,N
2024-08-01 00:00:00,2024-08-02 02:00:00,LAV,82,72,BK,260,4,,8,7,N ,,,,,KATL,8,,,7,,,,,3,N
2024-08-01 00:00:00,2024-08-02 03:00:00,LAV,82,73,BK,250,4,,8,7,N ,,,,,KATL,8,,,7,,,,,2,N
2024-08-01 00:00:00,2024-08-02 04:00:00,LAV,81,73,SC,250,5,,8,7,N ,,,,,KATL,8,,,7,,,,,2,N
2024-08-01 00:00:00,2024-08-02 05:00:00,LAV,80,74,SC,250,5,,8,7,N ,,,,,KATL,8,,,7,,,,,2,N
2024-08-01 00:00:00,2024-08-02 06:00:00,LAV,80,73,SC,250,4,7.0,8,7,N ,,,,,KATL,8,,,7,,,,,1,N
2024-08-01 00:00:00,2024-08-02 07:00:00,LAV,79,74,FW,270,4,,8,7,N ,,,,,KATL,8,,,7,,,,,1,N
2024-08-01 00:00:00,2024-08-02 08:00:00,LAV,79,73,CL,270,4,,8,7,N ,,,,,KATL,8,,,7,,,,,1,N
2024-08-01 00:00:00,2024-08-02 09:00:00,LAV,78,73,CL,270,5,,8,7,N ,,,,,KATL,8,,,7,,,,,1,N
2024-08-01 00:00:00,2024-08-02 10:00:00,LAV,78,73,FW,270,5,,8,7,N ,,,,,KATL,8,,,7,,,,,1,N
2024-08-01 00:00:00,2024-08-02 11:00:00,LAV,78,73,SC,270,4,,8,7,N ,,,,,KATL,8,,,7,,,,,1,N
2024-08-01 00:00:00,2024-08-02 12:00:00,LAV,79,74,SC,270,4,2.0,8,7,N ,,,,,KATL,8,,,7,,,,,1,N
2024-08-01 00:00:00,2024-08-02 13:00:00,LAV,82,74,SC,280,6,,8,7,N ,,,,,KATL,8,,,7,,,,,1,N
2024-08-01 00:00:00,2024-08-02 14:00:00,LAV,84,74,SC,280,7,,8,7,N ,,,,,KATL,8,,,7,,,,,1,N
2024-08-01 06:00:00,2024-08-01 07:00:00,LAV,76,72,BK,270,5,,8,7,N ,,,,,KATL,8,0.0,N,7,0.0,N,2.0,N,0,N
2024-08-01 06:00:00,2024-08-01 08:00:00,LAV,76,71,SC,270,4,,8,7,N ,,,,,KATL,8,0.0,N,6,0.0,N,1.0,N,0,N
2024-08-01 06:00:00,2024-08-01 09:00:00,LAV,75,72,SC,270,5,,8,7,N ,,,,,KATL,8,0.0,N,7,0.0,N,0.0,N,0,N
2024-08-01 06:00:00,2024-08-01 10:00:00,LAV,75,72,SC,280,5,,8,7,N ,,,,,KATL,8,0.0,N,7,0.0,N,0.0,N,0,N
2024-08-01 06:00:00,2024-08-01 11:00:00,LAV,75,72,SC,290,5,,8,7,N ,,,,,KATL,8,0.0,N,6,0.0,N,0.0,N,0,N
2024-08-01 06:00:00,2024-08-01 12:00:00,LAV,77,73,FW,290,6,1.0,8,7,N ,,,,,KATL,8,0.0,N,7,0.0,N,0.0,N,0,N
2024-08-01 06:00:00,2024-08-01 13:00:00,LAV,79,73,FW,300,6,,8,7,N ,,,,,KATL,8,0.0,N,7,0.0,N,0.0,N,1,N
2024-08-01 06:00:00,2024-08-01 14:00:00,LAV,83,74,SC,300,6,,8,7,N ,,,,,KATL,8,1.0,N,7,2.0,N,0.0,N,3,N
2024-08-01 06:00:00,2024-08-01 15:00:00,LAV,85,75,SC,300,7,,8,7,N ,,,,,KATL,8,1.0,N,7,3.0,N,0.0,N,3,N
2024-08-01 06:00:00,2024-08-01 16:00:00,LAV,88,74,SC,290,7,,8,7,N ,,,,,KATL,8,1.0,N,7,4.0,N,0.0,N,7,N
2024-08-01 06:00:00,2024-08-01 17:00:00,LAV,90,74,BK,300,7,,8,7,N ,,,,,KATL,8,1.0,N,7,5.0,N,5.0,N,7,N
2024-08-01 06:00:00,2024-08-01 18:00:00,LAV,91,73,BK,280,7,13.0,8,7,N ,,,,,KATL,8,1.0,N,7,5.0,N,9.0,N,5,N
2024-08-01 06:00:00,2024-08-01 19:00:00,LAV,92,73,BK,280,7,,8,7,N ,,,,,KATL,8,2.0,N,7,6.0,N,11.0,N,5,N
2024-08-01 06:00:00,2024-08-01 20:00:00,LAV,92,73,BK,270,7,,8,7,N ,,,,,KATL,8,2.0,N,7,9.0,N,18.0,L,5,N
2024-08-01 06:00:00,2024-08-01 21:00:00,LAV,92,73,BK,270,7,,8,7,N ,,,,,KATL,8,3.0,N,7,13.0,N,21.0,L,4,N
2024-08-01 06:00:00,2024-08-01 22:00:00,LAV,91,72,BK,260,7,,8,7,N ,,,,,KATL,8,2.0,N,7,13.0,N,18.0,L,5,N
2024-08-01 06:00:00,2024-08-01 23:00:00,LAV,89,72,BK,270,7,,8,7,N ,,,,,KATL,8,1.0,N,7,14.0,L,17.0,L,5,N
2024-08-01 06:00:00,2024-08-02 00:00:00,LAV,87,73,BK,250,6,11.0,8,7,N ,,,,,KATL,8,0.0,N,7,12.0,L,12.0,N,5,N
2024-08-01 06:00:00,2024-08-02 01:00:00,LAV,83,73,BK,260,5,,8,7,N ,,,,,KATL,8,0.0,N,7,8.0,N,7.0,N,4,N
2024-08-01 06:00:00,2024-08-02 02:00:00,LAV,82,73,BK,260,4,,8,7,N ,,,,,KATL,8,0.0,N,7,8.0,N,4.0,N,3,N
2024-08-01 06:00:00,2024-08-02 03:00:00,LAV,82,74,BK,250,4,,8,7,N ,,,,,KATL,8,0.0,N,7,7.0,N,4.0,N,3,N
2024-08-01 06:00:00,2024-08-02 04:00:00,LAV,82,74,SC,260,3,,8,7,N ,,,,,KATL,8,0.0,N,7,5.0,N,3.0,N,2,N
2024-08-01 06:00:00,2024-08-02 05:00:00,LAV,81,74,SC,260,3,,8,7,N ,,,,,KATL,8,0.0,N,7,3.0,N,1.0,N,2,N
2024-08-01 06:00:00,2024-08-02 06:00:00,LAV,80,74,FW,270,3,8.0,8,7,N ,,,,,KATL,8,0.0,N,7,2.0,N,0.0,N,2,N
2024-08-01 06:00:00,2024-08-02 07:00:00,LAV,79,74,SC,260,4,,8,7,N ,,,,,KATL,8,0.0,N,7,1.0,N,0.0,N,1,N
2024-08-01 06:00:00,2024-08-02 08:00:00,LAV,79,74,CL,270,4,,8,7,N ,,,,,KATL,8,,,7,,,,,1,N
2024-08-01 06:00:00,2024-08-02 09:00:00,LAV,78,74,CL,270,4,,8,7,N ,,,,,KATL,8,,,7,,,,,1,N
2024-08-01 06:00:00,2024-08-02 10:00:00,LAV,78,74,CL,270,4,,8,7,N ,,,,,KATL,8,,,7,,,,,0,N
2024-08-01 06:00:00,2024-08-02 11:00:00,LAV,78,73,CL,270,4,,8,7,N ,,,,,KATL,8,,,7,,,,,0,N
2024-08-01 06:00:00,2024-08-02 12:00:00,LAV,79,73,CL,270,5,2.0,8,7,N ,,,,,KATL,8,,,7,,,,,0,N
2024-08-01 06:00:00,2024-08-02 13:00:00,LAV,82,74,CL,280,6,,8,7,N ,,,,,KATL,8,,,7,,,,,1,N
2024-08-01 06:00:00,2024-08-02 14:00:00,LAV,85,74,CL,280,6,,8,7,N ,,,,,KATL,8,,,7,,,,,1,N
2024-08-01 06:00:00,2024-08-02 15:00:00,LAV,88,74,CL,280,7,,8,7,N ,,,,,KATL,8,,,7,,,,,1,N
2024-08-01 06:00:00,2024-08-02 16:00:00,LAV,91,73,FW,270,7,,8,7,N ,,,,,KATL,8,,,7,,,,,1,N
2024-08-01 06:00:00,2024-08-02 17:00:00,LAV,92,71,SC,270,8,,8,7,N ,,,,,KATL,8,,,7,,,,,2,N
2024-08-01 06:00:00,2024-08-02 18:00:00,LAV,93,69,SC,260,9,6.0,8,7,N ,,,,,KATL,8,,,7,,,,,3,N
2024-08-01 06:00:00,2024-08-02 19:00:00,LAV,94,70,SC,270,9,,8,7,N ,,,,,KATL,8,,,7,,,,,3,N
2024-08-01 06:00:00,2024-08-02 20:00:00,LAV,94,70,SC,250,9,,8,7,N ,,,,,KATL,8,,,7,,,,,3,N
2024-08-01 12:00:00,2024-08-01 13:00:00,LAV,79,73,FW,280,5,,8,7,N ,,,,,KATL,8,0.0,N,7,0.0,N,0.0,N,0,N
2024-08-01 12:00:00,2024-08-01 14:00:00,LAV,83,74,FW,290,5,,8,7,N ,,,,,KATL,8,0.0,N,7,0.0,N,0.0,N,1,N
2024-08-01 12:00:00,2024-08-01 15:00:00,LAV,86,75,SC,290,5,,8,7,N ,,,,,KATL,8,0.0,N,7,1.0,N,0.0,N,2,N
2024-08-01 12:00:00,2024-08-01 16:00:00,LAV,89,74,SC,290,6,,8,7,N ,,,,,KATL,8,0.0,N,7,1.0,N,0.0,N,2,N
2024-08-01 12:00:00,2024-08-01 17:00:00,LAV,90,74,BK,290,6,,8,7,N ,,,,,KATL,8,1.0,N,7,4.0,N,5.0,N,2,N
2024-08-01 12:00:00,2024-08-01 18:00:00,LAV,91,73,BK,270,7,7.0,8,7,N ,,,,,KATL,7,1.0,N,7,8.0,N,10.0,N,5,N
2024-08-01 12:00:00,2024-08-01 19:00:00,LAV,92,73,BK,270,7,,8,7,N ,,,,,KATL,8,3.0,N,7,9.0,N,12.0,N,5,N
2024-08-01 12:00:00,2024-08-01 20:00:00,LAV,92,73,BK,260,7,,8,7,N ,,,,,KATL,8,4.0,N,7,12.0,N,17.0,L,5,N
2024-08-01 12:00:00,2024-08-01 21:00:00,LAV,92,73,BK,260,7,,8,7,N ,,,,,KATL,8,6.0,N,7,16.0,L,19.0,L,5,N
2024-08-01 12:00:00,2024-08-01 22:00:00,LAV,91,73,BK,250,7,,8,7,N ,,,,,KATL,8,5.0,N,7,14.0,L,18.0,L,6,N
2024-08-01 12:00:00,2024-08-01 23:00:00,LAV,90,73,BK,250,7,,8,7,N ,,,,,KATL,8,4.0,N,7,14.0,L,15.0,L,5,N
2024-08-01 12:00:00,2024-08-02 00:00:00,LAV,88,74,BK,230,6,15.0,8,7,N ,,,,,KATL,8,3.0,N,7,15.0,L,13.0,N,5,N
2024-08-01 12:00:00,2024-08-02 01:00:00,LAV,84,73,BK,240,5,,8,7,N ,,,,,KATL,8,2.0,N,7,8.0,N,9.0,N,5,N
2024-08-01 12:00:00,2024-08-02 02:00:00,LAV,83,74,BK,250,4,,8,7,N ,,,,,KATL,8,2.0,N,7,8.0,N,3.0,N,4,N
2024-08-01 12:00:00,2024-08-02 03:00:00,LAV,82,74,BK,250,4,,8,7,N ,,,,,KATL,8,1.0,N,7,8.0,N,0.0,N,3,N
2024-08-01 12:00:00,2024-08-02 04:00:00,LAV,82,74,BK,250,5,,8,7,N ,,,,,KATL,8,0.0,N,7,5.0,N,1.0,N,2,N
2024-08-01 12:00:00,2024-08-02 05:00:00,LAV,81,74,BK,250,4,,8,7,N ,,,,,KATL,8,0.0,N,7,3.0,N,0.0,N,1,N
2024-08-01 12:00:00,2024-08-02 06:00:00,LAV,79,74,BK,260,4,12.0,8,7,N ,,,,,KATL,8,0.0,N,7,2.0,N,0.0,N,1,N
2024-08-01 12:00:00,2024-08-02 07:00:00,LAV,79,74,BK,260,5,,8,7,N ,,,,,KATL,8,0.0,N,7,1.0,N,0.0,N,1,N
2024-08-01 12:00:00,2024-08-02 08:00:00,LAV,78,74,SC,260,5,,8,7,N ,,,,,KATL,8,0.0,N,7,1.0,N,0.0,N,1,N
2024-08-01 12:00:00,2024-08-02 09:00:00,LAV,78,74,BK,270,5,,8,7,N ,,,,,KATL,8,0.0,N,7,1.0,N,0.0,N,1,N
2024-08-01 12:00:00,2024-08-02 10:00:00,LAV,78,74,BK,270,4,,8,7,N ,,,,,KATL,8,0.0,N,7,1.0,N,0.0,N,1,N
2024-08-01 12:00:00,2024-08-02 11:00:00,LAV,77,73,SC,270,4,,8,7,N ,,,,,KATL,8,0.0,N,7,1.0,N,0.0,N,0,N
2024-08-01 12:00:00,2024-08-02 12:00:00,LAV,78,73,SC,260,4,2.0,8,7,N ,,,,,KATL,8,0.0,N,7,0.0,N,0.0,N,0,N
2024-08-01 12:00:00,2024-08-02 13:00:00,LAV,82,74,FW,270,6,,8,7,N ,,,,,KATL,8,0.0,N,7,0.0,N,0.0,N,1,N
2024-08-01 12:00:00,2024-08-02 14:00:00,LAV,85,74,FW,270,6,,8,7,N ,,,,,KATL,8,,,7,,,,,1,N
2024-08-01 12:00:00,2024-08-02 15:00:00,LAV,87,73,FW,280,7,,8,7,N ,,,,,KATL,8,,,7,,,,,1,N
2024-08-01 12:00:00,2024-08-02 16:00:00,LAV,90,72,SC,270,8,,8,7,N ,,,,,KATL,8,,,7,,,,,1,N
2024-08-01 12:00:00,2024-08-02 17:00:00,LAV,92,72,SC,270,8,,8,7,N ,,,,,KATL,8,,,7,,,,,2,N
2024-08-01 12:00:00,2024-08-02 18:00:00,LAV,93,71,SC,270,9,6.0,8,7,N ,,,,17.0,KATL,8,,,7,,,,,3,N
2024-08-01 12:00:00,2024-08-02 19:00:00,LAV,94,71,SC,270,9,,8,7,N ,,,,16.0,KATL,8,,,7,,,,,4,N
2024-08-01 12:00:00,2024-08-02 20:00:00,LAV,94,71,SC,260,8,,8,7,N ,,,,,KATL,8,,,7,,,,,4,N
2024-08-01 12:00:00,2024-08-02 21:00:00,LAV,93,70,SC,250,9,,8,7,N ,,,,16.0,KATL,8,,,7,,,,,5,N
2024-08-01 12:00:00,2024-08-02 22:00:00,LAV,93,69,SC,250,8,,8,7,N ,,,,,KATL,8,,,7,,,,,5,N
2024-08-01 12:00:00,2024-08-02 23:00:00,LAV,91,70,BK,250,8,,8,7,N ,,,,,KATL,8,,,7,,,,,5,N
2024-08-01 12:00:00,2024-08-03 00:00:00,LAV,90,70,BK,240,7,12.0,8,7,N ,,,,,KATL,8,,,7,,,,,5,N
2024-08-01 12:00:00,2024-08-03 01:00:00,LAV,88,71,BK,240,5,,8,7,N ,,,,,KATL,8,,,7,,,,,4,N
2024-08-01 12:00:00,2024-08-03 02:00:00,LAV,85,71,BK,240,5,,8,7,N ,,,,,KATL,8,,,7,,,,,3,N
2024-08-01 18:00:00,2024-08-01 19:00:00,LAV,91,74,BK,280,7,,8,7,N ,,,,,KATL,8,0.0,N,7,0.0,N,4.0,N,0,N
2024-08-01 18:00:00,2024-08-01 20:00:00,LAV,92,73,BK,270,7,,8,7,N ,,,,,KATL,8,1.0,N,7,5.0,N,16.0,L,4,N
2024-08-01 18:00:00,2024-08-01 21:00:00,LAV,92,73,BK,260,7,,8,7,N ,,,,,KATL,8,2.0,N,7,5.0,N,23.0,L,7,N
2024-08-01 18:00:00,2024-08-01 22:00:00,LAV,91,73,BK,250,7,,8,7,N ,,,,,KATL,8,2.0,N,7,9.0,N,17.0,L,5,N
2024-08-01 18:00:00,2024-08-01 23:00:00,LAV,90,73,SC,260,7,,8,7,N ,,,,,KATL,8,1.0,N,7,11.0,N,13.0,N,3,N
2024-08-01 18:00:00,2024-08-02 00:00:00,LAV,87,73,SC,250,6,13.0,8,7,N ,,,,,KATL,8,1.0,N,7,12.0,N,9.0,N,2,N
2024-08-01 18:00:00,2024-08-02 01:00:00,LAV,85,74,SC,230,4,,8,7,N ,,,,,KATL,8,0.0,N,7,9.0,N,5.0,N,2,N
2024-08-01 18:00:00,2024-08-02 02:00:00,LAV,84,74,SC,230,4,,8,7,N ,,,,,KATL,8,0.0,N,7,8.0,N,4.0,N,1,N
2024-08-01 18:00:00,2024-08-02 03:00:00,LAV,83,74,SC,230,4,,8,7,N ,,,,,KATL,8,0.0,N,7,8.0,N,2.0,N,1,N
2024-08-01 18:00:00,2024-08-02 04:00:00,LAV,82,74,SC,240,4,,8,7,N ,,,,,KATL,8,0.0,N,7,5.0,N,1.0,N,1,N
2024-08-01 18:00:00,2024-08-02 05:00:00,LAV,81,74,SC,250,4,,8,7,N ,,,,,KATL,8,0.0,N,7,3.0,N,0.0,N,1,N
2024-08-01 18:00:00,2024-08-02 06:00:00,LAV,80,74,SC,260,5,3.0,8,7,N ,,,,,KATL,8,0.0,N,7,2.0,N,0.0,N,1,N
2024-08-01 18:00:00,2024-08-02 07:00:00,LAV,79,74,FW,260,4,,8,7,N ,,,,,KATL,8,0.0,N,7,1.0,N,0.0,N,1,N
2024-08-01 18:00:00,2024-08-02 08:00:00,LAV,78,73,CL,260,4,,8,7,N ,,,,,KATL,8,0.0,N,7,1.0,N,0.0,N,1,N
2024-08-01 18:00:00,2024-08-02 09:00:00,LAV,78,73,CL,260,4,,8,7,N ,,,,,KATL,8,0.0,N,7,1.0,N,0.0,N,1,N
2024-08-01 18:00:00,2024-08-02 10:00:00,LAV,77,73,FW,260,4,,8,7,N ,,,,,KATL,8,0.0,N,7,0.0,N,0.0,N,0,N
2024-08-01 18:00:00,2024-08-02 11:00:00,LAV,77,72,SC,260,3,,8,7,N ,,,,,KATL,8,0.0,N,7,0.0,N,0.0,N,0,N
2024-08-01 18:00:00,2024-08-02 12:00:00,LAV,78,73,SC,270,4,1.0,8,7,N ,,,,,KATL,8,0.0,N,7,0.0,N,0.0,N,1,N
2024-08-01 18:00:00,2024-08-02 13:00:00,LAV,81,73,SC,270,5,,8,7,N ,,,,,KATL,8,0.0,N,7,0.0,N,0.0,N,1,N
2024-08-01 18:00:00,2024-08-02 14:00:00,LAV,85,73,CL,270,6,,8,7,N ,,,,,KATL,8,0.0,N,7,0.0,N,0.0,N,1,N
2024-08-01 18:00:00,2024-08-02 15:00:00,LAV,87,72,FW,270,7,,8,7,N ,,,,,KATL,8,0.0,N,7,0.0,N,0.0,N,1,N
2024-08-01 18:00:00,2024-08-02 16:00:00,LAV,90,71,FW,270,8,,8,7,N ,,,,,KATL,8,0.0,N,7,0.0,N,1.0,N,1,N
2024-08-01 18:00:00,2024-08-02 17:00:00,LAV,92,70,SC,260,9,,8,7,N ,,,,,KATL,8,0.0,N,7,1.0,N,6.0,N,1,N
2024-08-01 18:00:00,2024-08-02 18:00:00,LAV,93,69,SC,260,9,4.0,8,7,N ,,,,17.0,KATL,8,0.0,N,7,2.0,N,11.0,N,2,N
2024-08-01 18:00:00,2024-08-02 19:00:00,LAV,95,69,SC,260,9,,8,7,N ,,,,17.0,KATL,8,0.0,N,7,4.0,N,13.0,N,3,N
2024-08-01 18:00:00,2024-08-02 20:00:00,LAV,94,69,SC,260,9,,8,7,N ,,,,17.0,KATL,8,,,7,,,,,3,N
2024-08-01 18:00:00,2024-08-02 21:00:00,LAV,94,69,SC,250,9,,8,7,N ,,,,18.0,KATL,8,,,7,,,,,3,N
2024-08-01 18:00:00,2024-08-02 22:00:00,LAV,93,68,SC,250,10,,8,7,N ,,,,,KATL,8,,,7,,,,,3,N
2024-08-01 18:00:00,2024-08-02 23:00:00,LAV,92,69,SC,250,9,,8,7,N ,,,,,KATL,8,,,7,,,,,3,N
2024-08-01 18:00:00,2024-08-03 00:00:00,LAV,90,69,SC,250,7,7.0,8,7,N ,,,,,KATL,8,,,7,,,,,3,N
2024-08-01 18:00:00,2024-08-03 01:00:00,LAV,88,70,SC,250,5,,8,7,N ,,,,,KATL,8,,,7,,,,,5,N
2024-08-01 18:00:00,2024-08-03 02:00:00,LAV,86,71,SC,240,5,,8,7,N ,,,,,KATL,8,,,7,,,,,7,N
2024-08-01 18:00:00,2024-08-03 03:00:00,LAV,84,72,SC,240,5,,8,7,N ,,,,,KATL,8,,,7,,,,,7,N
2024-08-01 18:00:00,2024-08-03 04:00:00,LAV,82,71,SC,230,5,,8,7,N ,,,,,KATL,8,,,7,,,,,7,N
2024-08-01 18:00:00,2024-08-03 05:00:00,LAV,81,71,SC,250,5,,8,7,N ,,,,,KATL,8,,,7,,,,,7,N
2024-08-01 18:00:00,2024-08-03 06:00:00,LAV,79,71,SC,260,5,17.0,8,7,N ,,,,,KATL,8,,,7,,,,,7,N
2024-08-01 18:00:00,2024-08-03 07:00:00,LAV,79,71,FW,260,4,,8,7,N ,,,,,KATL,8,,,7,,,,,8,N
2024-08-01 18:00:00,2024-08-03 08:00:00,LAV,78,71,CL,270,4,,8,7,N ,,,,,KATL,8,,,7,,,,,9,N
2024-08-02 00:00:00,2024-08-02 01:00:00,LAV,88,74,BK,240,4,,8,7,N ,,,,,KATL,8,0.0,N,7,27.0,L,38.0,M,14,N
2024-08-02 00:00:00,2024-08-02 02:00:00,LAV,85,75,BK,230,4,,8,7,N ,,,,,KATL,8,0.0,N,7,7.0,N,11.0,L,0,N
2024-08-02 00:00:00,2024-08-02 03:00:00,LAV,84,75,BK,230,4,,8,7,N ,,,,,KATL,8,0.0,N,7,7.0,N,4.0,N,1,N
2024-08-02 00:00:00,2024-08-02 04:00:00,LAV,83,75,BK,250,4,,8,7,N ,,,,,KATL,8,0.0,N,7,6.0,N,1.0,N,1,N
2024-08-02 00:00:00,2024-08-02 05:00:00,LAV,82,75,BK,260,5,,8,7,N ,,,,,KATL,8,0.0,N,7,5.0,N,0.0,N,0,N
2024-08-02 00:00:00,2024-08-02 06:00:00,LAV,81,74,BK,280,5,24.0,8,7,N ,,,,,KATL,8,0.0,N,7,3.0,N,0.0,N,0,N
2024-08-02 00:00:00,2024-08-02 07:00:00,LAV,80,74,BK,270,4,,8,7,N ,,,,,KATL,8,0.0,N,7,2.0,N,0.0,N,0,N
2024-08-02 00:00:00,2024-08-02 08:00:00,LAV,79,74,SC,270,4,,8,7,N ,,,,,KATL,8,0.0,N,7,1.0,N,0.0,N,1,N
2024-08-02 00:00:00,2024-08-02 09:00:00,LAV,78,73,SC,270,4,,8,7,N ,,,,,KATL,8,0.0,N,7,0.0,N,0.0,N,1,N
2024-08-02 00:00:00,2024-08-02 10:00:00,LAV,78,73,SC,260,3,,8,7,N ,,,,,KATL,8,0.0,N,7,0.0,N,0.0,N,0,N
2024-08-02 00:00:00,2024-08-02 11:00:00,LAV,77,73,SC,260,3,,8,7,N ,,,,,KATL,8,0.0,N,7,0.0,N,0.0,N,0,N
2024-08-02 00:00:00,2024-08-02 12:00:00,LAV,78,73,CL,260,4,1.0,8,7,N ,,,,,KATL,8,0.0,N,7,0.0,N,0.0,N,0,N
2024-08-02 00:00:00,2024-08-02 13:00:00,LAV,81,73,CL,270,5,,8,7,N ,,,,,KATL,8,0.0,N,7,1.0,N,0.0,N,1,N
2024-08-02 00:00:00,2024-08-02 14:00:00,LAV,85,74,CL,270,6,,8,7,N ,,,,,KATL,8,0.0,N,7,2.0,N,0.0,N,1,N
2024-08-02 00:00:00,2024-08-02 15:00:00,LAV,87,73,FW,270,7,,8,7,N ,,,,,KATL,8,0.0,N,7,1.0,N,0.0,N,1,N
2024-08-02 00:00:00,2024-08-02 16:00:00,LAV,90,72,SC,270,8,,8,7,N ,,,,,KATL,8,0.0,N,7,0.0,N,0.0,N,2,N
2024-08-02 00:00:00,2024-08-02 17:00:00,LAV,92,70,SC,270,9,,8,7,N ,,,,,KATL,8,0.0,N,7,1.0,N,4.0,N,3,N
2024-08-02 00:00:00,2024-08-02 18:00:00,LAV,93,70,BK,260,10,8.0,8,7,N ,,,,18.0,KATL,8,0.0,N,7,2.0,N,9.0,N,5,N
2024-08-02 00:00:00,2024-08-02 19:00:00,LAV,94,70,BK,260,9,,8,7,N ,,,,17.0,KATL,8,0.0,N,7,4.0,N,11.0,N,6,N
2024-08-02 00:00:00,2024-08-02 20:00:00,LAV,93,68,SC,250,9,,8,7,N ,,,,18.0,KATL,8,0.0,N,7,5.0,N,14.0,N,6,N
2024-08-02 00:00:00,2024-08-02 21:00:00,LAV,93,68,BK,250,9,,8,7,N ,,,,17.0,KATL,8,0.0,N,7,7.0,N,13.0,N,6,N
2024-08-02 00:00:00,2024-08-02 22:00:00,LAV,93,67,BK,260,9,,8,7,N ,,,,,KATL,8,0.0,N,7,7.0,N,13.0,N,4,N
2024-08-02 00:00:00,2024-08-02 23:00:00,LAV,91,68,BK,250,8,,8,7,N ,,,,,KATL,8,0.0,N,7,7.0,N,10.0,N,3,N
2024-08-02 00:00:00,2024-08-03 00:00:00,LAV,89,69,BK,250,7,15.0,8,7,N ,,,,,KATL,8,0.0,N,7,7.0,N,9.0,N,2,N
2024-08-02 00:00:00,2024-08-03 01:00:00,LAV,87,70,BK,250,6,,8,7,N ,,,,,KATL,8,0.0,N,7,7.0,N,11.0,N,1,N
2024-08-02 00:00:00,2024-08-03 02:00:00,LAV,85,70,BK,270,5,,8,7,N ,,,,,KATL,8,,,7,,,,,1,N
2024-08-02 00:00:00,2024-08-03 03:00:00,LAV,84,71,BK,260,5,,8,7,N ,,,,,KATL,8,,,7,,,,,1,N
2024-08-02 00:00:00,2024-08-03 04:00:00,LAV,82,71,BK,260,5,,8,7,N ,,,,,KATL,8,,,7,,,,,4,N
2024-08-02 00:00:00,2024-08-03 05:00:00,LAV,80,71,SC,260,5,,8,7,N ,,,,,KATL,8,,,7,,,,,8,N
2024-08-02 00:00:00,2024-08-03 06:00:00,LAV,79,71,SC,250,4,19.0,8,7,N ,,,,,KATL,8,,,7,,,,,9,N
2024-08-02 00:00:00,2024-08-03 07:00:00,LAV,78,71,SC,260,5,,8,7,N ,,,,,KATL,8,,,7,,,,,13,N
2024-08-02 00:00:00,2024-08-03 08:00:00,LAV,77,71,FW,260,3,,8,7,N ,,,,,KATL,8,,,7,,,,,12,N
2024-08-02 00:00:00,2024-08-03 09:00:00,LAV,76,71,FW,250,3,,8,7,N ,,,,,KATL,8,,,7,,,,,6,N
2024-08-02 00:00:00,2024-08-03 10:00:00,LAV,76,70,SC,250,3,,8,7,N ,,,,,KATL,8,,,7,,,,,4,N
2024-08-02 00:00:00,2024-08-03 11:00:00,LAV,75,70,SC,270,4,,8,7,N ,,,,,KATL,8,,,7,,,,,9,N
2024-08-02 00:00:00,2024-08-03 12:00:00,LAV,76,70,SC,270,5,27.0,8,7,N ,,,,,KATL,8,,,7,,,,,12,N
2024-08-02 00:00:00,2024-08-03 13:00:00,LAV,78,71,SC,290,6,,8,7,N ,,,,,KATL,8,,,7,,,,,8,N
2024-08-02 00:00:00,2024-08-03 14:00:00,LAV,81,71,SC,290,6,,8,7,N ,,,,,KATL,8,,,7,,,,,6,N
2024-08-02 06:00:00,2024-08-02 07:00:00,LAV,81,76,SC,270,5,,8,7,N ,,,,,KATL,8,0.0,N,7,0.0,N,0.0,N,0,N
2024-08-02 06:00:00,2024-08-02 08:00:00,LAV,80,75,SC,280,5,,8,7,N ,,,,,KATL,8,0.0,N,7,0.0,N,0.0,N,0,N
2024-08-02 06:00:00,2024-08-02 09:00:00,LAV,79,75,SC,270,5,,8,7,N ,,,,,KATL,8,0.0,N,7,0.0,N,0.0,N,0,N
2024-08-02 06:00:00,2024-08-02 10:00:00,LAV,79,74,SC,270,4,,8,7,N ,,,,,KATL,8,0.0,N,7,0.0,N,0.0,N,0,N
2024-08-02 06:00:00,2024-08-02 11:00:00,LAV,79,74,SC,270,4,,8,7,N ,,,,,KATL,8,0.0,N,7,0.0,N,0.0,N,0,N
2024-08-02 06:00:00,2024-08-02 12:00:00,LAV,79,74,FW,270,5,0.0,8,7,N ,,,,,KATL,8,0.0,N,7,0.0,N,0.0,N,0,N
2024-08-02 06:00:00,2024-08-02 13:00:00,LAV,82,74,FW,270,6,,8,7,N ,,,,,KATL,8,0.0,N,7,0.0,N,0.0,N,0,N
2024-08-02 06:00:00,2024-08-02 14:00:00,LAV,85,73,FW,270,6,,8,7,N ,,,,,KATL,8,0.0,N,7,0.0,N,0.0,N,0,N
2024-08-02 06:00:00,2024-08-02 15:00:00,LAV,87,73,CL,270,6,,8,7,N ,,,,,KATL,8,0.0,N,7,0.0,N,0.0,N,0,N
2024-08-02 06:00:00,2024-08-02 16:00:00,LAV,89,72,FW,270,7,,8,7,N ,,,,,KATL,8,0.0,N,7,0.0,N,0.0,N,0,N
2024-08-02 06:00:00,2024-08-02 17:00:00,LAV,91,71,SC,260,8,,8,7,N ,,,,,KATL,8,0.0,N,7,0.0,N,0.0,N,0,N
2024-08-02 06:00:00,2024-08-02 18:00:00,LAV,92,70,SC,250,8,1.0,8,7,N ,,,,,KATL,8,1.0,N,7,0.0,N,2.0,N,1,N
2024-08-02 06:00:00,2024-08-02 19:00:00,LAV,93,70,SC,250,9,,8,7,N ,,,,,KATL,8,1.0,N,7,0.0,N,4.0,N,1,N
2024-08-02 06:00:00,2024-08-02 20:00:00,LAV,93,69,SC,250,9,,8,7,N ,,,,,KATL,8,0.0,N,7,1.0,N,8.0,N,2,N
2024-08-02 06:00:00,2024-08-02 21:00:00,LAV,93,69,SC,250,8,,8,7,N ,,,,17.0,KATL,8,0.0,N,7,5.0,N,11.0,N,2,N
2024-08-02 06:00:00,2024-08-02 22:00:00,LAV,92,69,SC,250,9,,8,7,N ,,,,,KATL,8,1.0,N,7,6.0,N,11.0,N,2,N
2024-08-02 06:00:00,2024-08-02 23:00:00,LAV,91,69,SC,260,8,,8,7,N ,,,,,KATL,8,1.0,N,7,6.0,N,9.0,N,2,N
2024-08-02 06:00:00,2024-08-03 00:00:00,LAV,88,70,SC,260,7,4.0,8,7,N ,,,,,KATL,8,0.0,N,7,8.0,N,8.0,N,2,N
2024-08-02 06:00:00,2024-08-03 01:00:00,LAV,85,71,SC,260,6,,8,7,N ,,,,,KATL,8,2.0,N,7,8.0,N,9.0,N,2,N
2024-08-02 06:00:00,2024-08-03 02:00:00,LAV,84,70,BK,260,5,,8,7,N ,,,,,KATL,8,3.0,N,7,9.0,N,10.0,N,2,N
2024-08-02 06:00:00,2024-08-03 03:00:00,LAV,82,70,BK,270,5,,8,7,N ,,,,,KATL,8,4.0,N,7,8.0,N,10.0,N,2,N
2024-08-02 06:00:00,2024-08-03 04:00:00,LAV,81,70,SC,260,5,,8,7,N ,,,,,KATL,8,3.0,N,7,7.0,N,11.0,N,4,N
2024-08-02 06:00:00,2024-08-03 05:00:00,LAV,79,70,SC,260,4,,8,7,N ,,,,,KATL,8,3.0,N,7,5.0,N,9.0,N,6,N
2024-08-02 06:00:00,2024-08-03 06:00:00,LAV,78,71,SC,260,4,19.0,8,7,N ,,,,,KATL,8,2.0,N,7,4.0,N,8.0,N,9,N
2024-08-02 06:00:00,2024-08-03 07:00:00,LAV,77,71,SC,260,5,,8,7,N ,,,,,KATL,8,2.0,N,7,4.0,N,7.0,N,9,N
2024-08-02 06:00:00,2024-08-03 08:00:00,LAV,77,70,SC,270,4,,8,7,N ,,,,,KATL,8,,,7,,,,,10,N
2024-08-02 06:00:00,2024-08-03 09:00:00,LAV,76,70,SC,260,4,,8,7,N ,,,,,KATL,8,,,7,,,,,8,N
2024-08-02 06:00:00,2024-08-03 10:00:00,LAV,75,69,SC,260,4,,8,7,N ,,,,,KATL,8,,,7,,,,,8,N
2024-08-02 06:00:00,2024-08-03 11:00:00,LAV,75,69,SC,260,4,,8,7,N ,,,,,KATL,8,,,7,,,,,8,N
2024-08-02 06:00:00,2024-08-03 12:00:00,LAV,76,70,SC,280,5,20.0,8,7,N ,,,,,KATL,8,,,7,,,,,7,N
2024-08-02 06:00:00,2024-08-03 13:00:00,LAV,78,71,SC,280,6,,8,7,N ,,,,,KATL,8,,,7,,,,,2,N
2024-08-02 06:00:00,2024-08-03 14:00:00,LAV,81,72,FW,290,6,,8,7,N ,,,,,KATL,8,,,7,,,,,1,N
2024-08-02 06:00:00,2024-08-03 15:00:00,LAV,84,71,FW,290,6,,8,7,N ,,,,,KATL,8,,,7,,,,,0,N
2024-08-02 06:00:00,2024-08-03 16:00:00,LAV,86,71,FW,290,7,,8,7,N ,,,,,KATL,8,,,7,,,,,0,N
2024-08-02 06:00:00,2024-08-03 17:00:00,LAV,88,70,SC,290,7,,8,7,N ,,,,,KATL,8,,,7,,,,,1,N
2024-08-02 06:00:00,2024-08-03 18:00:00,LAV,89,69,SC,280,8,5.0,8,7,N ,,,,,KATL,8,,,7,,,,,2,N
2024-08-02 06:00:00,2024-08-03 19:00:00,LAV,90,69,SC,280,9,,8,7,N ,,,,,KATL,8,,,7,,,,,6,N
2024-08-02 06:00:00,2024-08-03 20:00:00,LAV,90,68,SC,280,8,,8,7,N ,,,,,KATL,8,,,7,,,,,7,N
2024-08-02 12:00:00,2024-08-02 13:00:00,LAV,82,73,SC,270,7,,8,7,N ,,,,,KATL,8,0.0,N,7,0.0,N,0.0,N,0,N
2024-08-02 12:00:00,2024-08-02 14:00:00,LAV,85,74,SC,280,6,,8,7,N ,,,,,KATL,8,0.0,N,7,0.0,N,0.0,N,0,N
2024-08-02 12:00:00,2024-08-02 15:00:00,LAV,87,73,FW,270,7,,8,7,N ,,,,,KATL,8,0.0,N,7,0.0,N,0.0,N,0,N
2024-08-02 12:00:00,2024-08-02 16:00:00,LAV,89,72,SC,260,7,,8,7,N ,,,,,KATL,8,0.0,N,7,0.0,N,0.0,N,0,N
2024-08-02 12:00:00,2024-08-02 17:00:00,LAV,90,71,SC,260,8,,8,7,N ,,,,,KATL,8,0.0,N,7,1.0,N,0.0,N,0,N
2024-08-02 12:00:00,2024-08-02 18:00:00,LAV,91,69,SC,250,8,1.0,8,7,N ,,,,,KATL,8,1.0,N,7,1.0,N,2.0,N,1,N
2024-08-02 12:00:00,2024-08-02 19:00:00,LAV,92,68,SC,250,8,,8,7,N ,,,,,KATL,8,1.0,N,7,3.0,N,5.0,N,1,N
2024-08-02 12:00:00,2024-08-02 20:00:00,LAV,92,68,SC,250,8,,8,7,N ,,,,,KATL,8,2.0,N,7,4.0,N,9.0,N,1,N
2024-08-02 12:00:00,2024-08-02 21:00:00,LAV,92,68,SC,250,8,,8,7,N ,,,,17.0,KATL,8,2.0,N,7,6.0,N,9.0,N,1,N
2024-08-02 12:00:00,2024-08-02 22:00:00,LAV,91,69,BK,250,9,,8,7,N ,,,,17.0,KATL,8,2.0,N,7,8.0,N,9.0,N,1,N
2024-08-02 12:00:00,2024-08-02 23:00:00,LAV,90,69,BK,250,8,,8,7,N ,,,,,KATL,8,1.0,N,7,9.0,N,10.0,N,2,N
2024-08-02 12:00:00,2024-08-03 00:00:00,LAV,87,70,BK,260,7,5.0,8,7,N ,,,,,KATL,8,1.0,N,7,8.0,N,10.0,N,2,N
2024-08-02 12:00:00,2024-08-03 01:00:00,LAV,85,70,BK,250,6,,8,7,N ,,,,,KATL,8,2.0,N,7,9.0,N,14.0,N,3,N
2024-08-02 12:00:00,2024-08-03 02:00:00,LAV,83,70,BK,260,6,,8,7,N ,,,,,KATL,8,3.0,N,7,10.0,L,11.0,N,5,N
2024-08-02 12:00:00,2024-08-03 03:00:00,LAV,82,71,OV,260,5,,8,7,N ,,,,,KATL,8,4.0,N,7,8.0,N,11.0,N,6,N
2024-08-02 12:00:00,2024-08-03 04:00:00,LAV,81,71,OV,260,5,,8,7,N ,,,,,KATL,8,4.0,N,7,7.0,N,12.0,L,9,N
2024-08-02 12:00:00,2024-08-03 05:00:00,LAV,79,71,OV,260,4,,8,7,N ,,,,,KATL,8,3.0,N,7,6.0,N,11.0,N,14,N
2024-08-02 12:00:00,2024-08-03 06:00:00,LAV,78,71,OV,260,4,27.0,8,7,N ,,,,,KATL,8,3.0,N,7,5.0,N,9.0,N,13,N
2024-08-02 12:00:00,2024-08-03 07:00:00,LAV,78,71,OV,260,4,,8,7,N ,,,,,KATL,8,2.0,N,7,3.0,N,7.0,N,11,N
2024-08-02 12:00:00,2024-08-03 08:00:00,LAV,76,71,BK,260,4,,8,7,N ,,,,,KATL,8,1.0,N,7,3.0,N,6.0,N,10,N
2024-08-02 12:00:00,2024-08-03 09:00:00,LAV,76,71,BK,270,4,,8,7,N ,,,,,KATL,8,1.0,N,7,2.0,N,4.0,N,8,N
2024-08-02 12:00:00,2024-08-03 10:00:00,LAV,75,71,BK,260,4,,8,7,N ,,,,,KATL,8,1.0,N,7,1.0,N,0.0,N,2,N
2024-08-02 12:00:00,2024-08-03 11:00:00,LAV,75,70,BK,270,4,,8,7,N ,,,,,KATL,8,1.0,N,7,1.0,N,0.0,N,1,N
2024-08-02 12:00:00,2024-08-03 12:00:00,LAV,76,70,SC,270,5,22.0,8,7,N ,,,,,KATL,8,0.0,N,7,1.0,N,0.0,N,1,N
2024-08-02 12:00:00,2024-08-03 13:00:00,LAV,78,71,SC,280,6,,8,7,N ,,,,,KATL,8,0.0,N,7,0.0,N,0.0,N,1,N
2024-08-02 12:00:00,2024-08-03 14:00:00,LAV,81,71,FW,280,6,,8,7,N ,,,,,KATL,8,,,7,,,,,1,N
2024-08-02 12:00:00,2024-08-03 15:00:00,LAV,84,71,FW,270,7,,8,7,N ,,,,,KATL,8,,,7,,,,,1,N
2024-08-02 12:00:00,2024-08-03 16:00:00,LAV,86,71,FW,270,7,,8,7,N ,,,,,KATL,8,,,7,,,,,1,N
2024-08-02 12:00:00,2024-08-03 17:00:00,LAV,88,70,SC,280,7,,8,7,N ,,,,,KATL,8,,,7,,,,,3,N
2024-08-02 12:00:00,2024-08-03 18:00:00,LAV,90,70,SC,280,9,13.0,8,7,N ,,,,,KATL,7,,,7,,,,,6,N
2024-08-02 12:00:00,2024-08-03 19:00:00,LAV,90,69,SC,290,8,,8,7,N ,,,,,KATL,8,,,7,,,,,7,N
2024-08-02 12:00:00,2024-08-03 20:00:00,LAV,90,69,SC,300,8,,8,7,N ,,,,,KATL,8,,,7,,,,,7,N
2024-08-02 12:00:00,2024-08-03 21:00:00,LAV,91,68,SC,300,8,,8,7,N ,,,,,KATL,8,,,7,,,,,6,N
2024-08-02 12:00:00,2024-08-03 22:00:00,LAV,89,67,SC,300,8,,8,7,N ,,,,,KATL,8,,,7,,,,,7,N
2024-08-02 12:00:00,2024-08-03 23:00:00,LAV,88,68,SC,300,9,,8,7,N ,,,,,KATL,8,,,7,,,,,8,N
2024-08-02 12:00:00,2024-08-04 00:00:00,LAV,86,67,SC,300,7,23.0,8,7,N ,,,,,KATL,8,,,7,,,,,9,N
2024-08-02 12:00:00,2024-08-04 01:00:00,LAV,84,69,SC,300,5,,8,7,N ,,,,,KATL,8,,,7,,,,,11,N
2024-08-02 12:00:00,2024-08-04 02:00:00,LAV,81,69,SC,230,4,,8,7,N ,,,,,KATL,8,,,7,,,,,10,N
2024-08-02 18:00:00,2024-08-02 19:00:00,LAV,92,66,FW,240,10,,8,7,N ,,,,,KATL,8,0.0,N,7,0.0,N,11.0,L,0,N
2024-08-02 18:00:00,2024-08-02 20:00:00,LAV,92,66,SC,250,10,,8,7,N ,,,,,KATL,8,0.0,N,7,0.0,N,6.0,N,0,N
2024-08-02 18:00:00,2024-08-02 21:00:00,LAV,92,66,FW,250,9,,8,7,N ,,,,18.0,KATL,8,0.0,N,7,1.0,N,7.0,N,0,N
2024-08-02 18:00:00,2024-08-02 22:00:00,LAV,92,67,FW,250,10,,8,7,N ,,,,18.0,KATL,8,0.0,N,7,4.0,N,11.0,N,1,N
2024-08-02 18:00:00,2024-08-02 23:00:00,LAV,91,67,SC,260,9,,8,7,N ,,,,,KATL,8,1.0,N,7,5.0,N,11.0,N,3,N
2024-08-02 18:00:00,2024-08-03 00:00:00,LAV,88,68,SC,260,7,7.0,8,7,N ,,,,,KATL,8,1.0,N,7,4.0,N,4.0,N,3,N
2024-08-02 18:00:00,2024-08-03 01:00:00,LAV,86,69,SC,240,6,,8,7,N ,,,,,KATL,8,3.0,N,7,3.0,N,3.0,N,3,N
2024-08-02 18:00:00,2024-08-03 02:00:00,LAV,83,70,SC,250,5,,8,7,N ,,,,,KATL,8,5.0,N,7,4.0,N,7.0,N,2,N
2024-08-02 18:00:00,2024-08-03 03:00:00,LAV,82,70,BK,270,8,,8,7,N ,,,,,KATL,8,6.0,N,7,6.0,N,9.0,N,4,N
2024-08-02 18:00:00,2024-08-03 04:00:00,LAV,80,70,OV,260,6,,8,7,N ,,,,,KATL,8,5.0,N,7,4.0,N,9.0,N,5,N
2024-08-02 18:00:00,2024-08-03 05:00:00,LAV,79,70,OV,260,5,,8,7,N ,,,,,KATL,8,4.0,N,7,3.0,N,8.0,N,6,N
2024-08-02 18:00:00,2024-08-03 06:00:00,LAV,78,70,BK,280,5,19.0,8,7,N ,,,,,KATL,8,5.0,N,7,3.0,N,7.0,N,9,N
2024-08-02 18:00:00,2024-08-03 07:00:00,LAV,77,70,BK,240,5,,8,7,N ,,,,,KATL,8,4.0,N,7,2.0,N,8.0,N,13,N
2024-08-02 18:00:00,2024-08-03 08:00:00,LAV,76,70,BK,250,4,,8,7,N ,,,,,KATL,8,3.0,N,7,3.0,N,12.0,N,18,N
2024-08-02 18:00:00,2024-08-03 09:00:00,LAV,76,70,BK,260,4,,8,7,N ,,,,,KATL,8,2.0,N,7,2.0,N,18.0,L,18,N
2024-08-02 18:00:00,2024-08-03 10:00:00,LAV,75,70,BK,270,3,,8,7,N ,,,,,KATL,8,0.0,N,7,0.0,N,3.0,N,5,N
2024-08-02 18:00:00,2024-08-03 11:00:00,LAV,75,70,BK,260,4,,8,7,N ,,,,,KATL,8,0.0,N,7,1.0,N,1.0,N,2,N
2024-08-02 18:00:00,2024-08-03 12:00:00,LAV,75,70,BK,260,4,31.0,8,7,N ,,,,,KATL,8,0.0,N,7,0.0,N,0.0,N,1,N
2024-08-02 18:00:00,2024-08-03 13:00:00,LAV,77,70,SC,270,5,,8,7,N ,,,,,KATL,8,0.0,N,7,0.0,N,0.0,N,2,N
2024-08-02 18:00:00,2024-08-03 14:00:00,LAV,81,71,SC,280,6,,8,7,N ,,,,,KATL,8,0.0,N,7,0.0,N,1.0,N,2,N
2024-08-02 18:00:00,2024-08-03 15:00:00,LAV,83,71,FW,270,6,,8,7,N ,,,,,KATL,8,0.0,N,7,0.0,N,1.0,N,3,N
2024-08-02 18:00:00,2024-08-03 16:00:00,LAV,86,71,SC,280,7,,8,7,N ,,,,,KATL,8,0.0,N,7,1.0,N,1.0,N,2,N
2024-08-02 18:00:00,2024-08-03 17:00:00,LAV,88,70,SC,280,8,,8,7,N ,,,,,KATL,8,0.0,N,7,1.0,N,7.0,N,2,N
2024-08-02 18:00:00,2024-08-03 18:00:00,LAV,89,69,SC,280,8,7.0,8,7,N ,,,,,KATL,7,0.0,N,7,2.0,N,13.0,N,2,N
2024-08-02 18:00:00,2024-08-03 19:00:00,LAV,90,68,BK,280,9,,8,7,N ,,,,,KATL,7,0.0,N,7,5.0,N,15.0,N,3,N
2024-08-02 18:00:00,2024-08-03 20:00:00,LAV,89,67,SC,290,9,,8,7,N ,,,,,KATL,7,,,7,,,,,4,N
2024-08-02 18:00:00,2024-08-03 21:00:00,LAV,89,67,BK,300,9,,8,7,N ,,,,,KATL,8,,,7,,,,,4,N
2024-08-02 18:00:00,2024-08-03 22:00:00,LAV,88,66,SC,300,8,,8,7,N ,,,,,KATL,8,,,7,,,,,4,N
2024-08-02 18:00:00,2024-08-03 23:00:00,LAV,87,66,SC,300,8,,8,7,N ,,,,,KATL,8,,,7,,,,,4,N
2024-08-02 18:00:00,2024-08-04 00:00:00,LAV,85,67,FW,310,7,10.0,8,7,N ,,,,,KATL,8,,,7,,,,,3,N
2024-08-02 18:00:00,2024-08-04 01:00:00,LAV,83,68,SC,300,5,,8,7,N ,,,,,KATL,8,,,7,,,,,2,N
2024-08-02 18:00:00,2024-08-04 02:00:00,LAV,82,69,SC,310,5,,8,7,N ,,,,,KATL,8,,,7,,,,,2,N
2024-08-02 18:00:00,2024-08-04 03:00:00,LAV,80,69,SC,310,4,,8,7,N ,,,,,KATL,8,,,7,,,,,2,N
2024-08-02 18:00:00,2024-08-04 04:00:00,LAV,79,70,SC,300,3,,8,7,N ,,,,,KATL,8,,,7,,,,,1,N
2024-08-02 18:00:00,2024-08-04 05:00:00,LAV,78,70,SC,130,3,,8,7,N ,,,,,KATL,8,,,7,,,,,1,N
2024-08-02 18:00:00,2024-08-04 06:00:00,LAV,77,70,SC,170,3,5.0,8,7,N ,,,,,KATL,8,,,7,,,,,1,N
2024-08-02 18:00:00,2024-08-04 07:00:00,LAV,76,70,SC,190,3,,8,7,N ,,,,,KATL,8,,,7,,,,,1,N
2024-08-02 18:00:00,2024-08-04 08:00:00,LAV,75,70,SC,260,3,,8,7,N ,,,,,KATL,8,,,7,,,,,1,N
2024-08-03 00:00:00,2024-08-03 01:00:00,LAV,83,69,BK,260,5,,8,7,N ,,,,,KATL,8,4.0,N,7,0.0,N,5.0,N,0,N
2024-08-03 00:00:00,2024-08-03 02:00:00,LAV,82,69,BK,260,5,,8,7,N ,,,,,KATL,8,6.0,N,7,4.0,N,5.0,N,1,N
2024-08-03 00:00:00,2024-08-03 03:00:00,LAV,81,70,OV,250,5,,8,7,N ,,,,,KATL,8,8.0,N,7,5.0,N,7.0,N,3,N
2024-08-03 00:00:00,2024-08-03 04:00:00,LAV,80,71,OV,250,6,,8,7,N ,,,,,KATL,8,8.0,N,7,6.0,N,6.0,N,3,N
2024-08-03 00:00:00,2024-08-03 05:00:00,LAV,79,71,OV,270,5,,8,7,N ,,,,,KATL,8,7.0,N,7,4.0,N,7.0,N,4,N
2024-08-03 00:00:00,2024-08-03 06:00:00,LAV,79,71,BK,280,5,11.0,8,7,N ,,,,,KATL,8,5.0,N,7,4.0,N,5.0,N,7,N
2024-08-03 00:00:00,2024-08-03 07:00:00,LAV,79,71,BK,260,5,,8,7,N ,,,,,KATL,8,5.0,N,7,2.0,N,0.0,N,5,N
2024-08-03 00:00:00,2024-08-03 08:00:00,LAV,78,71,BK,250,4,,8,7,N ,,,,,KATL,8,11.0,N,7,1.0,N,0.0,N,7,N
2024-08-03 00:00:00,2024-08-03 09:00:00,LAV,77,71,OV,250,4,,8,7,N ,,,,,KATL,8,4.0,N,7,3.0,N,8.0,N,9,N
2024-08-03 00:00:00,2024-08-03 10:00:00,LAV,77,71,BK,260,4,,8,7,N ,,,,,KATL,8,3.0,N,7,0.0,N,8.0,N,9,N
2024-08-03 00:00:00,2024-08-03 11:00:00,LAV,76,71,BK,260,3,,8,7,N ,,,,,KATL,8,2.0,N,7,0.0,N,0.0,N,1,N
2024-08-03 00:00:00,2024-08-03 12:00:00,LAV,77,71,SC,260,4,18.0,8,7,N ,,,,,KATL,8,2.0,N,7,0.0,N,0.0,N,0,N
2024-08-03 00:00:00,2024-08-03 13:00:00,LAV,78,70,SC,270,5,,8,7,N ,,,,,KATL,8,1.0,N,7,0.0,N,0.0,N,0,N
2024-08-03 00:00:00,2024-08-03 14:00:00,LAV,81,71,BK,270,6,,8,7,N ,,,,,KATL,8,1.0,N,7,0.0,N,0.0,N,0,N
2024-08-03 00:00:00,2024-08-03 15:00:00,LAV,83,71,SC,270,7,,8,7,N ,,,,,KATL,8,1.0,N,7,0.0,N,0.0,N,0,N
2024-08-03 00:00:00,2024-08-03 16:00:00,LAV,86,71,SC,280,7,,8,7,N ,,,,,KATL,8,0.0,N,7,0.0,N,0.0,N,0,N
2024-08-03 00:00:00,2024-08-03 17:00:00,LAV,87,70,BK,280,7,,8,7,N ,,,,,KATL,8,0.0,N,7,1.0,N,3.0,N,0,N
2024-08-03 00:00:00,2024-08-03 18:00:00,LAV,89,69,BK,270,8,1.0,8,7,N ,,,,,KATL,8,0.0,N,7,2.0,N,9.0,N,1,N
2024-08-03 00:00:00,2024-08-03 19:00:00,LAV,90,68,BK,280,8,,8,7,N ,,,,,KATL,8,0.0,N,7,3.0,N,10.0,N,2,N
2024-08-03 00:00:00,2024-08-03 20:00:00,LAV,89,68,BK,280,8,,8,7,N ,,,,,KATL,8,0.0,N,7,4.0,N,10.0,N,3,N
2024-08-03 00:00:00,2024-08-03 21:00:00,LAV,88,68,BK,290,9,,8,7,N ,,,,,KATL,8,0.0,N,7,5.0,N,13.0,N,4,N
2024-08-03 00:00:00,2024-08-03 22:00:00,LAV,88,67,BK,290,9,,8,7,N ,,,,,KATL,8,0.0,N,7,5.0,N,13.0,N,5,N
2024-08-03 00:00:00,2024-08-03 23:00:00,LAV,87,67,BK,290,8,,8,7,N ,,,,,KATL,8,0.0,N,7,6.0,N,11.0,N,4,N
2024-08-03 00:00:00,2024-08-04 00:00:00,LAV,85,68,BK,290,7,12.0,8,7,N ,,,,,KATL,8,0.0,N,7,5.0,N,9.0,N,4,N
2024-08-03 00:00:00,2024-08-04 01:00:00,LAV,82,69,BK,290,5,,8,7,N ,,,,,KATL,8,0.0,N,7,5.0,N,8.0,N,5,N
2024-08-03 00:00:00,2024-08-04 02:00:00,LAV,80,69,SC,270,4,,8,7,N ,,,,,KATL,8,,,7,,,,,3,N
2024-08-03 00:00:00,2024-08-04 03:00:00,LAV,79,69,BK,270,4,,8,7,N ,,,,,KATL,8,,,7,,,,,3,N
2024-08-03 00:00:00,2024-08-04 04:00:00,LAV,78,69,BK,230,3,,8,7,N ,,,,,KATL,8,,,7,,,,,3,N
2024-08-03 00:00:00,2024-08-04 05:00:00,LAV,77,69,BK,210,3,,8,7,N ,,,,,KATL,8,,,7,,,,,3,N
2024-08-03 00:00:00,2024-08-04 06:00:00,LAV,76,69,BK,200,2,11.0,8,7,N ,,,,,KATL,8,,,7,,,,,5,N
2024-08-03 00:00:00,2024-08-04 07:00:00,LAV,76,70,SC,240,2,,8,7,N ,,,,,KATL,8,,,7,,,,,5,N
2024-08-03 00:00:00,2024-08-04 08:00:00,LAV,75,70,FW,300,3,,8,7,N ,,,,,KATL,8,,,7,,,,,2,N
2024-08-03 00:00:00,2024-08-04 09:00:00,LAV,75,70,CL,260,3,,8,7,N ,,,,,KATL,8,,,7,,,,,2,N
2024-08-03 00:00:00,2024-08-04 10:00:00,LAV,74,70,FW,240,2,,8,7,N ,,,,,KATL,8,,,7,,,,,1,N
2024-08-03 00:00:00,2024-08-04 11:00:00,LAV,74,70,SC,320,3,,8,7,N ,,,,,KATL,8,,,7,,,,,1,N
2024-08-03 00:00:00,2024-08-04 12:00:00,LAV,76,71,SC,100,3,11.0,8,7,N ,,,,,KATL,8,,,7,,,,,1,N
2024-08-03 00:00:00,2024-08-04 13:00:00,LAV,78,71,SC,190,4,,8,7,N ,,,,,KATL,8,,,7,,,,,1,N
2024-08-03 00:00:00,2024-08-04 14:00:00,LAV,81,71,FW,160,4,,8,7,N ,,,,,KATL,8,,,7,,,,,1,N
2024-08-03 06:00:00,2024-08-03 07:00:00,LAV,76,70,BK,260,5,,8,7,N ,,,,,KATL,8,1.0,N,7,1.0,N,10.0,L,12,N
2024-08-03 06:00:00,2024-08-03 08:00:00,LAV,76,70,OV,260,4,,8,7,N ,,,,,KATL,8,1.0,N,7,0.0,N,4.0,N,7,N
2024-08-03 06:00:00,2024-08-03 09:00:00,LAV,76,70,OV,260,4,,8,7,N ,,,,,KATL,8,1.0,N,7,2.0,N,7.0,N,9,N
2024-08-03 06:00:00,2024-08-03 10:00:00,LAV,75,70,SC,250,3,,8,7,N ,,,,,KATL,8,1.0,N,7,2.0,N,5.0,N,5,N
2024-08-03 06:00:00,2024-08-03 11:00:00,LAV,76,70,BK,250,3,,8,7,N ,,,,,KATL,8,1.0,N,7,1.0,N,3.0,N,6,N
2024-08-03 06:00:00,2024-08-03 12:00:00,LAV,76,71,BK,260,4,19.0,8,7,N ,,,,,KATL,8,1.0,N,7,0.0,N,2.0,N,3,N
2024-08-03 06:00:00,2024-08-03 13:00:00,LAV,79,71,BK,270,5,,8,7,N ,,,,,KATL,8,0.0,N,7,0.0,N,1.0,N,1,N
2024-08-03 06:00:00,2024-08-03 14:00:00,LAV,82,71,SC,270,5,,8,7,N ,,,,,KATL,8,0.0,N,7,0.0,N,0.0,N,0,N
2024-08-03 06:00:00,2024-08-03 15:00:00,LAV,84,71,FW,270,6,,8,7,N ,,,,,KATL,8,0.0,N,7,0.0,N,0.0,N,0,N
2024-08-03 06:00:00,2024-08-03 16:00:00,LAV,87,70,SC,290,6,,8,7,N ,,,,,KATL,8,0.0,N,7,0.0,N,0.0,N,0,N
2024-08-03 06:00:00,2024-08-03 17:00:00,LAV,88,70,BK,280,7,,8,7,N ,,,,,KATL,8,0.0,N,7,0.0,N,0.0,N,0,N
2024-08-03 06:00:00,2024-08-03 18:00:00,LAV,89,69,BK,270,7,2.0,8,7,N ,,,,,KATL,7,1.0,N,7,0.0,N,2.0,N,1,N
2024-08-03 06:00:00,2024-08-03 19:00:00,LAV,90,68,BK,280,9,,8,7,N ,,,,,KATL,7,1.0,N,7,0.0,N,5.0,N,1,N
2024-08-03 06:00:00,2024-08-03 20:00:00,LAV,90,68,BK,290,9,,8,7,N ,,,,,KATL,7,0.0,N,7,2.0,N,9.0,N,2,N
2024-08-03 06:00:00,2024-08-03 21:00:00,LAV,89,68,SC,290,9,,8,7,N ,,,,,KATL,8,0.0,N,7,3.0,N,12.0,N,2,N
2024-08-03 06:00:00,2024-08-03 22:00:00,LAV,88,67,SC,290,9,,8,7,N ,,,,,KATL,8,0.0,N,7,3.0,N,13.0,N,2,N
2024-08-03 06:00:00,2024-08-03 23:00:00,LAV,87,67,SC,290,8,,8,7,N ,,,,,KATL,8,0.0,N,7,4.0,N,9.0,N,2,N
2024-08-03 06:00:00,2024-08-04 00:00:00,LAV,85,67,SC,280,7,6.0,8,7,N ,,,,,KATL,8,0.0,N,7,4.0,N,7.0,N,3,N
2024-08-03 06:00:00,2024-08-04 01:00:00,LAV,82,69,SC,280,5,,8,7,N ,,,,,KATL,8,0.0,N,7,4.0,N,7.0,N,2,N
2024-08-03 06:00:00,2024-08-04 02:00:00,LAV,80,69,BK,290,4,,8,7,N ,,,,,KATL,8,0.0,N,7,3.0,N,5.0,N,2,N
2024-08-03 06:00:00,2024-08-04 03:00:00,LAV,79,70,BK,270,4,,8,7,N ,,,,,KATL,8,0.0,N,7,2.0,N,3.0,N,2,N
2024-08-03 06:00:00,2024-08-04 04:00:00,LAV,78,70,OV,250,4,,8,7,N ,,,,,KATL,8,0.0,N,7,2.0,N,3.0,N,1,N
2024-08-03 06:00:00,2024-08-04 05:00:00,LAV,77,69,BK,230,3,,8,7,N ,,,,,KATL,8,0.0,N,7,1.0,N,1.0,N,1,N
2024-08-03 06:00:00,2024-08-04 06:00:00,LAV,76,70,BK,200,3,4.0,8,7,N ,,,,,KATL,8,0.0,N,7,1.0,N,1.0,N,1,N
2024-08-03 06:00:00,2024-08-04 07:00:00,LAV,75,70,SC,210,3,,8,7,N ,,,,,KATL,8,0.0,N,7,1.0,N,0.0,N,1,N
2024-08-03 06:00:00,2024-08-04 08:00:00,LAV,75,70,SC,210,4,,8,7,N ,,,,,KATL,8,,,7,,,,,1,N
2024-08-03 06:00:00,2024-08-04 09:00:00,LAV,75,70,FW,270,3,,8,7,N ,,,,,KATL,8,,,7,,,,,1,N
2024-08-03 06:00:00,2024-08-04 10:00:00,LAV,74,70,FW,300,3,,8,7,N ,,,,,KATL,8,,,7,,,,,1,N
2024-08-03 06:00:00,2024-08-04 11:00:00,LAV,74,70,FW,310,3,,8,7,N ,,,,,KATL,8,,,7,,,,,1,N
2024-08-03 06:00:00,2024-08-04 12:00:00,LAV,75,70,SC,340,4,2.0,8,7,N ,,,,,KATL,8,,,7,,,,,1,N
2024-08-03 06:00:00,2024-08-04 13:00:00,LAV,78,71,FW,30,4,,8,7,N ,,,,,KATL,8,,,7,,,,,1,N
2024-08-03 06:00:00,2024-08-04 14:00:00,LAV,81,71,FW,80,4,,8,7,N ,,,,,KATL,8,,,7,,,,,1,N
2024-08-03 06:00:00,2024-08-04 15:00:00,LAV,84,72,FW,80,5,,8,7,N ,,,,,KATL,8,,,7,,,,,1,N
2024-08-03 06:00:00,2024-08-04 16:00:00,LAV,85,71,SC,100,5,,8,7,N ,,,,,KATL,8,,,7,,,,,1,N
2024-08-03 06:00:00,2024-08-04 17:00:00,LAV,87,71,SC,110,6,,8,7,N ,,,,,KATL,6,,,7,,,,,1,N
2024-08-03 06:00:00,2024-08-04 18:00:00,LAV,87,71,SC,110,6,4.0,8,7,N ,,,,,KATL,7,,,7,,,,,2,N
2024-08-03 06:00:00,2024-08-04 19:00:00,LAV,88,71,BK,130,7,,8,7,N ,,,,,KATL,7,,,7,,,,,3,N
2024-08-03 06:00:00,2024-08-04 20:00:00,LAV,87,70,BK,120,6,,8,7,N ,,,,,KATL,7,,,5,,,,,3,N
2024-08-03 12:00:00,2024-08-03 13:00:00,LAV,77,72,SC,240,5,,8,7,N ,,,,,KATL,8,0.0,N,7,0.0,N,0.0,N,0,N
2024-08-03 12:00:00,2024-08-03 14:00:00,LAV,80,72,SC,270,5,,8,7,N ,,,,,KATL,8,0.0,N,7,0.0,N,0.0,N,0,N
2024-08-03 12:00:00,2024-08-03 15:00:00,LAV,83,72,SC,270,6,,8,7,N ,,,,,KATL,8,0.0,N,7,0.0,N,0.0,N,0,N
2024-08-03 12:00:00,2024-08-03 16:00:00,LAV,86,71,SC,290,7,,8,7,N ,,,,,KATL,8,0.0,N,7,0.0,N,0.0,N,0,N
2024-08-03 12:00:00,2024-08-03 17:00:00,LAV,87,70,BK,280,8,,8,7,N ,,,,,KATL,8,0.0,N,7,1.0,N,0.0,N,0,N
2024-08-03 12:00:00,2024-08-03 18:00:00,LAV,89,70,BK,280,7,0.0,8,7,N ,,,,,KATL,7,0.0,N,7,1.0,N,1.0,N,0,N
2024-08-03 12:00:00,2024-08-03 19:00:00,LAV,89,69,BK,280,8,,8,7,N ,,,,,KATL,7,0.0,N,7,2.0,N,2.0,N,1,N
2024-08-03 12:00:00,2024-08-03 20:00:00,LAV,88,69,BK,280,8,,8,7,N ,,,,,KATL,8,1.0,N,7,3.0,N,5.0,N,1,N
2024-08-03 12:00:00,2024-08-03 21:00:00,LAV,88,68,BK,280,8,,8,7,N ,,,,,KATL,8,1.0,N,7,4.0,N,8.0,N,1,N
2024-08-03 12:00:00,2024-08-03 22:00:00,LAV,88,67,SC,290,9,,8,7,N ,,,,,KATL,8,1.0,N,7,6.0,N,11.0,N,1,N
2024-08-03 12:00:00,2024-08-03 23:00:00,LAV,87,68,SC,280,7,,8,7,N ,,,,,KATL,8,1.0,N,7,6.0,N,11.0,N,1,N
2024-08-03 12:00:00,2024-08-04 00:00:00,LAV,85,68,SC,280,6,4.0,8,7,N ,,,,,KATL,8,1.0,N,7,3.0,N,7.0,N,1,N
2024-08-03 12:00:00,2024-08-04 01:00:00,LAV,82,69,SC,240,5,,8,7,N ,,,,,KATL,8,1.0,N,7,3.0,N,6.0,N,1,N
2024-08-03 12:00:00,2024-08-04 02:00:00,LAV,80,70,BK,240,4,,8,7,N ,,,,,KATL,8,1.0,N,7,2.0,N,3.0,N,1,N
2024-08-03 12:00:00,2024-08-04 03:00:00,LAV,79,71,SC,240,4,,8,7,N ,,,,,KATL,8,0.0,N,7,1.0,N,1.0,N,1,N
2024-08-03 12:00:00,2024-08-04 04:00:00,LAV,79,71,OV,310,4,,8,7,N ,,,,,KATL,8,0.0,N,7,1.0,N,1.0,N,0,N
2024-08-03 12:00:00,2024-08-04 05:00:00,LAV,77,70,OV,330,4,,8,7,N ,,,,,KATL,8,0.0,N,7,1.0,N,1.0,N,0,N
2024-08-03 12:00:00,2024-08-04 06:00:00,LAV,76,70,OV,260,3,1.0,8,7,N ,,,,,KATL,8,0.0,N,7,1.0,N,1.0,N,1,N
2024-08-03 12:00:00,2024-08-04 07:00:00,LAV,75,70,OV,320,3,,8,7,N ,,,,,KATL,8,0.0,N,7,0.0,N,0.0,N,1,N
2024-08-03 12:00:00,2024-08-04 08:00:00,LAV,75,70,BK,340,3,,8,7,N ,,,,,KATL,8,0.0,N,7,0.0,N,0.0,N,0,N
2024-08-03 12:00:00,2024-08-04 09:00:00,LAV,74,69,BK,180,3,,8,7,N ,,,,,KATL,8,0.0,N,7,0.0,N,1.0,N,0,N
2024-08-03 12:00:00,2024-08-04 10:00:00,LAV,73,69,BK,60,3,,8,7,N ,,,,,KATL,8,0.0,N,7,0.0,N,0.0,N,0,N
2024-08-03 12:00:00,2024-08-04 11:00:00,LAV,74,69,SC,350,4,,8,7,N ,,,,,KATL,8,0.0,N,7,0.0,N,0.0,N,0,N
2024-08-03 12:00:00,2024-08-04 12:00:00,LAV,75,70,SC,60,4,1.0,8,7,N ,,,,,KATL,8,0.0,N,7,0.0,N,0.0,N,0,N
2024-08-03 12:00:00,2024-08-04 13:00:00,LAV,78,70,FW,60,4,,8,7,N ,,,,,KATL,8,0.0,N,7,0.0,N,0.0,N,0,N
2024-08-03 12:00:00,2024-08-04 14:00:00,LAV,81,70,CL,60,4,,8,7,N ,,,,,KATL,8,,,7,,,,,0,N
2024-08-03 12:00:00,2024-08-04 15:00:00,LAV,83,70,CL,70,5,,8,7,N ,,,,,KATL,8,,,7,,,,,0,N
2024-08-03 12:00:00,2024-08-04 16:00:00,LAV,85,70,FW,100,5,,8,7,N ,,,,,KATL,8,,,7,,,,,0,N
2024-08-03 12:00:00,2024-08-04 17:00:00,LAV,87,70,SC,110,5,,8,7,N ,,,,,KATL,8,,,7,,,,,1,N
2024-08-03 12:00:00,2024-08-04 18:00:00,LAV,88,69,SC,110,5,2.0,8,7,N ,,,,,KATL,7,,,7,,,,,1,N
2024-08-03 12:00:00,2024-08-04 19:00:00,LAV,88,70,BK,130,7,,8,7,N ,,,,,KATL,7,,,7,,,,,2,N
2024-08-03 12:00:00,2024-08-04 20:00:00,LAV,87,69,BK,110,6,,8,7,N ,,,,,KATL,7,,,6,,,,,2,N
2024-08-03 12:00:00,2024-08-04 21:00:00,LAV,87,69,BK,120,7,,8,7,N ,,,,,KATL,8,,,7,,,,,3,N
2024-08-03 12:00:00,2024-08-04 22:00:00,LAV,86,70,BK,120,7,,8,7,N ,,,,,KATL,8,,,7,,,,,2,N
2024-08-03 12:00:00,2024-08-04 23:00:00,LAV,85,71,BK,120,7,,8,7,N ,,,,,KATL,8,,,7,,,,,2,N
2024-08-03 12:00:00,2024-08-05 00:00:00,LAV,83,71,BK,120,6,6.0,8,7,N ,,,,,KATL,8,,,7,,,,,2,N
2024-08-03 12:00:00,2024-08-05 01:00:00,LAV,81,72,BK,120,6,,8,7,N ,,,,,KATL,8,,,7,,,,,2,N
2024-08-03 12:00:00,2024-08-05 02:00:00,LAV,80,72,BK,120,5,,8,7,N ,,,,,KATL,8,,,7,,,,,1,N
2024-08-03 18:00:00,2024-08-03 19:00:00,LAV,87,70,BK,300,8,,7,7,N ,,,,,KATL,7,0.0,N,7,0.0,N,5.0,N,0,N
2024-08-03 18:00:00,2024-08-03 20:00:00,LAV,87,69,BK,300,8,,7,7,N ,,,,,KATL,7,0.0,N,7,1.0,N,8.0,N,3,N
2024-08-03 18:00:00,2024-08-03 21:00:00,LAV,88,68,BK,300,8,,8,7,N ,,,,,KATL,7,0.0,N,7,6.0,N,14.0,N,5,N
2024-08-03 18:00:00,2024-08-03 22:00:00,LAV,87,68,BK,290,8,,8,7,N ,,,,,KATL,7,0.0,N,7,8.0,N,16.0,L,7,N
2024-08-03 18:00:00,2024-08-03 23:00:00,LAV,86,68,BK,280,7,,8,7,N ,,,,,KATL,8,0.0,N,7,8.0,N,18.0,L,8,N
2024-08-03 18:00:00,2024-08-04 00:00:00,LAV,84,69,SC,270,6,16.0,8,7,N ,,,,,KATL,8,0.0,N,7,8.0,N,15.0,L,6,N
2024-08-03 18:00:00,2024-08-04 01:00:00,LAV,81,69,SC,250,5,,8,7,N ,,,,,KATL,8,0.0,N,7,8.0,N,14.0,L,6,N
2024-08-03 18:00:00,2024-08-04 02:00:00,LAV,80,70,SC,280,4,,8,7,N ,,,,,KATL,8,0.0,N,7,6.0,N,11.0,N,5,N
2024-08-03 18:00:00,2024-08-04 03:00:00,LAV,80,70,SC,290,4,,8,7,N ,,,,,KATL,8,0.0,N,7,5.0,N,10.0,N,4,N
2024-08-03 18:00:00,2024-08-04 04:00:00,LAV,79,70,SC,280,4,,8,7,N ,,,,,KATL,8,0.0,N,7,3.0,N,6.0,N,3,N
2024-08-03 18:00:00,2024-08-04 05:00:00,LAV,78,70,SC,250,3,,8,7,N ,,,,,KATL,8,0.0,N,7,2.0,N,4.0,N,2,N
2024-08-03 18:00:00,2024-08-04 06:00:00,LAV,77,70,SC,170,3,12.0,8,7,N ,,,,,KATL,8,0.0,N,7,1.0,N,3.0,N,1,N
2024-08-03 18:00:00,2024-08-04 07:00:00,LAV,75,70,SC,210,3,,8,7,N ,,,,,KATL,8,0.0,N,7,1.0,N,2.0,N,1,N
2024-08-03 18:00:00,2024-08-04 08:00:00,LAV,75,70,CL,250,3,,8,7,N ,,,,,KATL,8,0.0,N,7,0.0,N,0.0,N,1,N
2024-08-03 18:00:00,2024-08-04 09:00:00,LAV,75,70,CL,280,3,,8,7,N ,,,,,KATL,8,0.0,N,7,0.0,N,0.0,N,1,N
2024-08-03 18:00:00,2024-08-04 10:00:00,LAV,74,70,SC,300,3,,8,7,N ,,,,,KATL,8,0.0,N,7,0.0,N,0.0,N,1,N
2024-08-03 18:00:00,2024-08-04 11:00:00,LAV,74,70,SC,350,4,,2,7,N ,,,,,KATL,8,0.0,N,7,0.0,N,0.0,N,1,N
2024-08-03 18:00:00,2024-08-04 12:00:00,LAV,75,70,SC,30,4,2.0,2,7,N ,,,,,KATL,8,0.0,N,7,0.0,N,0.0,N,1,N
2024-08-03 18:00:00,2024-08-04 13:00:00,LAV,78,71,SC,10,4,,8,7,N ,,,,,KATL,8,0.0,N,7,0.0,N,0.0,N,1,N
2024-08-03 18:00:00,2024-08-04 14:00:00,LAV,81,71,FW,120,4,,8,7,N ,,,,,KATL,8,0.0,N,7,0.0,N,0.0,N,1,N
2024-08-03 18:00:00,2024-08-04 15:00:00,LAV,83,71,FW,110,5,,8,7,N ,,,,,KATL,8,0.0,N,7,0.0,N,0.0,N,2,N
2024-08-03 18:00:00,2024-08-04 16:00:00,LAV,85,71,SC,130,5,,8,7,N ,,,,,KATL,8,0.0,N,7,0.0,N,1.0,N,2,N
2024-08-03 18:00:00,2024-08-04 17:00:00,LAV,86,71,SC,120,5,,8,7,N ,,,,,KATL,6,0.0,N,7,1.0,N,6.0,N,3,N
2024-08-03 18:00:00,2024-08-04 18:00:00,LAV,88,70,BK,120,5,9.0,7,7,N ,,,,,KATL,7,0.0,N,7,2.0,N,12.0,N,4,N
2024-08-03 18:00:00,2024-08-04 19:00:00,LAV,88,70,BK,120,6,,7,7,N ,,,,,KATL,7,1.0,N,6,5.0,N,14.0,N,7,N
2024-08-03 18:00:00,2024-08-04 20:00:00,LAV,87,70,BK,120,7,,7,7,N ,,,,,KATL,7,,,6,,,,,8,N
2024-08-03 18:00:00,2024-08-04 21:00:00,LAV,87,71,BK,120,7,,7,7,N ,,,,,KATL,7,,,7,,,,,7,N
2024-08-03 18:00:00,2024-08-04 22:00:00,LAV,86,70,BK,120,7,,8,7,N ,,,,,KATL,7,,,7,,,,,8,N
2024-08-03 18:00:00,2024-08-04 23:00:00,LAV,85,70,BK,120,7,,8,7,N ,,,,,KATL,8,,,7,,,,,9,N
2024-08-03 18:00:00,2024-08-05 00:00:00,LAV,83,71,BK,110,8,23.0,8,7,N ,,,,,KATL,8,,,7,,,,,8,N
2024-08-03 18:00:00,2024-08-05 01:00:00,LAV,81,72,BK,100,7,,8,7,N ,,,,,KATL,8,,,7,,,,,6,N
2024-08-03 18:00:00,2024-08-05 02:00:00,LAV,80,73,BK,110,7,,8,7,N ,,,,,KATL,8,,,7,,,,,5,N
2024-08-03 18:00:00,2024-08-05 03:00:00,LAV,80,73,SC,120,7,,8,7,N ,,,,,KATL,8,,,7,,,,,4,N
2024-08-03 18:00:00,2024-08-05 04:00:00,LAV,78,73,BK,110,8,,7,7,N ,,,,,KATL,8,,,7,,,,,3,N
2024-08-03 18:00:00,2024-08-05 05:00:00,LAV,77,72,BK,100,8,,6,7,N ,,,,,KATL,8,,,7,,,,,2,N
2024-08-03 18:00:00,2024-08-05 06:00:00,LAV,77,72,OV,100,8,13.0,4,7,N ,,,,,KATL,8,,,7,,,,,2,N
2024-08-03 18:00:00,2024-08-05 07:00:00,LAV,76,72,OV,90,8,,4,7,N ,,,,,KATL,4,,,7,,,,,2,N
2024-08-03 18:00:00,2024-08-05 08:00:00,LAV,76,71,OV,90,10,,4,7,N ,,,,,KATL,3,,,7,,,,,2,N
2024-08-04 00:00:00,2024-08-04 01:00:00,LAV,84,67,BK,290,6,,8,7,N ,,,,,KATL,8,0.0,N,7,0.0,N,3.0,N,0,N
2024-08-04 00:00:00,2024-08-04 02:00:00,LAV,82,68,SC,240,3,,8,7,N ,,,,,KATL,8,0.0,N,7,2.0,N,5.0,N,0,N
2024-08-04 00:00:00,2024-08-04 03:00:00,LAV,80,69,SC,220,4,,8,7,N ,,,,,KATL,8,1.0,N,7,2.0,N,2.0,N,0,N
2024-08-04 00:00:00,2024-08-04 04:00:00,LAV,79,70,SC,220,5,,8,7,N ,,,,,KATL,8,1.0,N,7,1.0,N,1.0,N,0,N
2024-08-04 00:00:00,2024-08-04 05:00:00,LAV,78,70,SC,210,4,,8,7,N ,,,,,KATL,8,1.0,N,7,0.0,N,0.0,N,0,N
2024-08-04 00:00:00,2024-08-04 06:00:00,LAV,77,70,SC,260,3,1.0,8,7,N ,,,,,KATL,8,0.0,N,7,0.0,N,0.0,N,0,N
2024-08-04 00:00:00,2024-08-04 07:00:00,LAV,76,70,SC,290,3,,8,7,N ,,,,,KATL,8,0.0,N,7,0.0,N,0.0,N,0,N
2024-08-04 00:00:00,2024-08-04 08:00:00,LAV,76,70,FW,300,3,,8,7,N ,,,,,KATL,8,0.0,N,7,0.0,N,0.0,N,0,N
2024-08-04 00:00:00,2024-08-04 09:00:00,LAV,75,70,SC,310,3,,8,7,N ,,,,,KATL,8,0.0,N,7,0.0,N,0.0,N,0,N
2024-08-04 00:00:00,2024-08-04 10:00:00,LAV,75,70,SC,330,3,,8,7,N ,,,,,KATL,8,0.0,N,7,0.0,N,0.0,N,0,N
2024-08-04 00:00:00,2024-08-04 11:00:00,LAV,74,70,BK,80,2,,8,7,N ,,,,,KATL,8,0.0,N,7,0.0,N,0.0,N,0,N
2024-08-04 00:00:00,2024-08-04 12:00:00,LAV,75,70,SC,120,4,0.0,8,7,N ,,,,,KATL,4,0.0,N,7,0.0,N,0.0,N,0,N
2024-08-04 00:00:00,2024-08-04 13:00:00,LAV,78,71,CL,140,4,,8,7,N ,,,,,KATL,8,0.0,N,7,0.0,N,0.0,N,1,N
2024-08-04 00:00:00,2024-08-04 14:00:00,LAV,81,71,FW,180,4,,8,7,N ,,,,,KATL,8,0.0,N,7,0.0,N,0.0,N,1,N
2024-08-04 00:00:00,2024-08-04 15:00:00,LAV,84,71,SC,120,4,,8,7,N ,,,,,KATL,8,0.0,N,7,0.0,N,0.0,N,1,N
2024-08-04 00:00:00,2024-08-04 16:00:00,LAV,86,71,SC,140,4,,8,7,N ,,,,,KATL,8,0.0,N,7,0.0,N,0.0,N,1,N
2024-08-04 00:00:00,2024-08-04 17:00:00,LAV,88,70,BK,140,5,,8,7,N ,,,,,KATL,8,0.0,N,7,1.0,N,6.0,N,2,N
2024-08-04 00:00:00,2024-08-04 18:00:00,LAV,88,70,BK,120,6,8.0,8,7,N ,,,,,KATL,8,0.0,N,7,3.0,N,12.0,N,5,N
2024-08-04 00:00:00,2024-08-04 19:00:00,LAV,88,70,BK,140,7,,8,7,N ,,,,,KATL,8,1.0,N,7,5.0,N,15.0,N,8,N
2024-08-04 00:00:00,2024-08-04 20:00:00,LAV,87,71,BK,130,7,,8,7,N ,,,,,KATL,8,2.0,N,7,8.0,N,19.0,L,16,N
2024-08-04 00:00:00,2024-08-04 21:00:00,LAV,87,70,BK,140,7,,8,7,N ,,,,,KATL,8,3.0,N,7,10.0,N,21.0,L,17,N
2024-08-04 00:00:00,2024-08-04 22:00:00,LAV,87,70,BK,120,7,,8,7,N ,,,,,KATL,8,3.0,N,7,12.0,N,21.0,L,23,Y
2024-08-04 00:00:00,2024-08-04 23:00:00,LAV,85,71,BK,130,7,,8,7,N ,,,,,KATL,8,4.0,N,7,13.0,N,19.0,L,22,N
2024-08-04 00:00:00,2024-08-05 00:00:00,LAV,83,72,BK,130,8,49.0,8,7,N ,,,,,KATL,8,4.0,N,7,11.0,N,19.0,L,17,N
2024-08-04 00:00:00,2024-08-05 01:00:00,LAV,81,72,BK,120,7,,8,7,N ,,,,,KATL,8,5.0,N,7,10.0,N,17.0,L,13,N
2024-08-04 00:00:00,2024-08-05 02:00:00,LAV,79,70,BK,120,7,,8,7,N ,,,,,KATL,8,,,7,,,,,8,N
2024-08-04 00:00:00,2024-08-05 03:00:00,LAV,78,71,BK,120,7,,7,7,N ,,,,,KATL,8,,,7,,,,,5,N
2024-08-04 00:00:00,2024-08-05 04:00:00,LAV,77,71,OV,110,8,,6,7,N ,,,,,KATL,8,,,7,,,,,3,N
2024-08-04 00:00:00,2024-08-05 05:00:00,LAV,77,71,OV,100,10,,5,7,N ,,,,,KATL,8,,,7,,,,,2,N
2024-08-04 00:00:00,2024-08-05 06:00:00,LAV,76,71,OV,90,9,28.0,4,7,N ,,,,,KATL,6,,,7,,,,,2,N
2024-08-04 00:00:00,2024-08-05 07:00:00,LAV,76,71,OV,100,10,,4,7,N ,,,,,KATL,4,,,7,,,,,2,N
2024-08-04 00:00:00,2024-08-05 08:00:00,LAV,75,70,OV,80,11,,4,7,N ,,,,,KATL,4,,,7,,,,,2,N
2024-08-04 00:00:00,2024-08-05 09:00:00,LAV,75,70,OV,80,11,,4,7,N ,,,,,KATL,4,,,7,,,,,2,N
2024-08-04 00:00:00,2024-08-05 10:00:00,LAV,75,71,OV,70,12,,4,7,N ,,,,,KATL,4,,,7,,,,,2,N
2024-08-04 00:00:00,2024-08-05 11:00:00,LAV,75,71,OV,70,12,,4,7,N ,,,,18.0,KATL,4,,,7,,,,,2,N
2024-08-04 00:00:00,2024-08-05 12:00:00,LAV,75,71,OV,70,13,4.0,4,7,N ,,,,21.0,KATL,4,,,7,,,,,2,N
2024-08-04 00:00:00,2024-08-05 13:00:00,LAV,76,71,OV,80,13,,4,7,N ,,,,20.0,KATL,4,,,7,,,,,2,N
2024-08-04 00:00:00,2024-08-05 14:00:00,LAV,78,71,OV,80,15,,4,7,N ,,,,22.0,KATL,4,,,6,,,,,3,N
2024-08-04 06:00:00,2024-08-04 07:00:00,LAV,76,71,FW,260,3,,8,7,N ,,,,,KATL,8,0.0,N,7,0.0,N,2.0,N,0,N
2024-08-04 06:00:00,2024-08-04 08:00:00,LAV,76,71,FW,300,3,,8,7,N ,,,,,KATL,8,0.0,N,7,0.0,N,1.0,N,0,N
2024-08-04 06:00:00,2024-08-04 09:00:00,LAV,75,71,FW,260,3,,8,7,N ,,,,,KATL,8,0.0,N,7,0.0,N,1.0,N,0,N
2024-08-04 06:00:00,2024-08-04 10:00:00,LAV,75,71,FW,140,3,,8,7,N ,,,,,KATL,8,0.0,N,6,0.0,N,0.0,N,0,N
2024-08-04 06:00:00,2024-08-04 11:00:00,LAV,75,71,FW,240,3,,8,7,N ,,,,,KATL,8,0.0,N,5,0.0,N,0.0,N,0,N
2024-08-04 06:00:00,2024-08-04 12:00:00,LAV,76,71,FW,250,3,0.0,8,7,N ,,,,,KATL,8,0.0,N,6,0.0,N,0.0,N,0,N
2024-08-04 06:00:00,2024-08-04 13:00:00,LAV,78,72,FW,120,3,,8,7,N ,,,,,KATL,8,0.0,N,7,0.0,N,0.0,N,0,N
2024-08-04 06:00:00,2024-08-04 14:00:00,LAV,82,72,FW,160,3,,8,7,N ,,,,,KATL,8,0.0,N,7,0.0,N,0.0,N,0,N
2024-08-04 06:00:00,2024-08-04 15:00:00,LAV,85,72,CL,160,4,,8,7,N ,,,,,KATL,8,1.0,N,7,0.0,N,0.0,N,0,N
2024-08-04 06:00:00,2024-08-04 16:00:00,LAV,86,71,SC,150,4,,8,7,N ,,,,,KATL,8,1.0,N,7,0.0,N,0.0,N,0,N
2024-08-04 06:00:00,2024-08-04 17:00:00,LAV,88,71,SC,140,5,,8,7,N ,,,,,KATL,8,1.0,N,7,1.0,N,3.0,N,0,N
2024-08-04 06:00:00,2024-08-04 18:00:00,LAV,89,71,BK,150,5,2.0,8,7,N ,,,,,KATL,7,1.0,N,7,0.0,N,5.0,N,1,N
2024-08-04 06:00:00,2024-08-04 19:00:00,LAV,89,71,BK,130,7,,8,7,N ,,,,,KATL,8,2.0,N,7,1.0,N,8.0,N,2,N
2024-08-04 06:00:00,2024-08-04 20:00:00,LAV,89,71,BK,140,7,,8,7,N ,,,,,KATL,7,2.0,N,7,3.0,N,14.0,N,3,N
2024-08-04 06:00:00,2024-08-04 21:00:00,LAV,89,70,BK,140,6,,8,7,N ,,,,,KATL,7,3.0,N,7,6.0,N,18.0,L,3,N
2024-08-04 06:00:00,2024-08-04 22:00:00,LAV,88,70,BK,130,7,,8,7,N ,,,,,KATL,8,4.0,N,7,10.0,N,19.0,L,3,N
2024-08-04 06:00:00,2024-08-04 23:00:00,LAV,87,70,BK,130,7,,8,7,N ,,,,,KATL,8,4.0,N,7,11.0,N,20.0,L,4,N
2024-08-04 06:00:00,2024-08-05 00:00:00,LAV,85,72,BK,120,7,15.0,8,7,N ,,,,,KATL,8,4.0,N,7,12.0,N,19.0,L,7,N
2024-08-04 06:00:00,2024-08-05 01:00:00,LAV,83,72,BK,120,7,,8,7,N ,,,,,KATL,8,5.0,N,7,10.0,N,17.0,L,5,N
2024-08-04 06:00:00,2024-08-05 02:00:00,LAV,81,72,BK,110,8,,8,7,N ,,,,,KATL,8,5.0,N,7,9.0,N,15.0,L,4,N
2024-08-04 06:00:00,2024-08-05 03:00:00,LAV,79,72,BK,110,8,,8,7,N ,,,,,KATL,8,5.0,N,7,6.0,N,11.0,N,3,N
2024-08-04 06:00:00,2024-08-05 04:00:00,LAV,78,72,BK,110,8,,6,7,N ,,,,,KATL,8,5.0,N,7,4.0,N,