raw_text,station_id,observation_time,latitude,longitude,temp_c,dewpoint_c,wind_dir_degrees,wind_speed_kt,wind_gust_kt,visibility_statute_mi,altim_in_hg,sea_level_pressure_mb,corrected,auto,auto_station,maintenance_indicator_on,no_signal,lightning_sensor_off,freezing_rain_sensor_off,present_weather_sensor_off,wx_string,sky_cover,cloud_base_ft_agl,sky_cover,cloud_base_ft_agl,sky_cover,cloud_base_ft_agl,sky_cover,cloud_base_ft_agl,flight_category,three_hr_pressure_tendency_mb,maxT_c,minT_c,maxT24hr_c,minT24hr_c,precip_in,pcp3hr_in,pcp6hr_in,pcp24hr_in,snow_in,vert_vis_ft,metar_type,elevation_m
"SPECI CYWE 081701Z AUTO 11004KT 9SM FEW006 OVC012 00/M00 A3002 RMK SLP192",CYWE,2026-10-08T17:01:00.000Z,64.1920,-114.0780,0,0,110,4,,9,30.02,1019.2,,TRUE,,,,,,,,FEW,600,OVC,1200,,,,,MVFR,,,,,,,,,,,,SPECI,374
"METAR PAFS 081701Z AUTO VRB03KT 10SM OVC010 M02/ A3013 RMK AO2 SNB1613E1655 CIG 007V012 SLP213 P0000 T1022 FZRANO $",PAFS,2026-10-08T17:01:00.000Z,63.0150,-154.3670,-2.2,,0,3,,10+,30.13,1021.3,,TRUE,TRUE,TRUE,,,TRUE,,,OVC,1000,,,,,,,MVFR,,,,,,0.005,,,,,,METAR,131
"METAR KMRF 081701Z AUTO VRB05KT 10SM CLR 24/12 A3022 RMK AO2 SLP172 T02390117 $",KMRF,2026-10-08T17:01:00.000Z,30.3707,-104.0117,23.9,11.7,0,5,,10+,30.22,1017.2,,TRUE,TRUE,TRUE,,,,,,,,,,,,,,VFR,,,,,,,,,,,,METAR,1476
"METAR OMAA 081700Z 35005KT CAVOK 34/24 Q1012 NOSIG",OMAA,2026-10-08T17:00:00.000Z,24.4330,54.6510,34,24,350,5,,6+,29.88,,,,,,TRUE,,,,,,,,,,,,,VFR,,,,,,,,,,,,METAR,13
"METAR KQFV 081700Z AUTO 00000KT 9999 CLR 08/07 A3029 RMK A02 TSNO",KQFV,2026-10-08T17:00:00.000Z,-99.9900,-99.9900,8,7,0,0,,6+,30.29,,,TRUE,TRUE,,,TRUE,,,,,,,,,,,,VFR,,,,,,,,,,,,METAR,9999
"METAR KQFX 081700Z AUTO 9999 SCT001 09/08 A3024 RMK A02 TSNO",KQFX,2026-10-08T17:00:00.000Z,-99.9900,-99.9900,9,8,,,,6+,30.24,,,TRUE,TRUE,,,TRUE,,,,SCT,100,,,,,,,VFR,,,,,,,,,,,,METAR,9999
"METAR SKSM 081700Z 27006KT 9999 NSC 30/24 Q1010",SKSM,2026-10-08T17:00:00.000Z,11.1200,-74.2310,30,24,270,6,,6+,29.82,,,,,,,,,,,,,,,,,,,VFR,,,,,,,,,,,,METAR,5
"METAR SBAR 081700Z 14011KT 9999 SCT025 29/22 Q1013",SBAR,2026-10-08T17:00:00.000Z,-10.9840,-37.0700,29,22,140,11,,6+,29.91,,,,,,,,,,,SCT,2500,,,,,,,VFR,,,,,,,,,,,,METAR,4
"METAR SUSO 081700Z 29011KT 9999 BKN017 23/17 Q1011",SUSO,2026-10-08T17:00:00.000Z,-31.4380,-57.9820,23,17,290,11,,6+,29.85,,,,,,,,,,,BKN,1700,,,,,,,MVFR,,,,,,,,,,,,METAR,37
"METAR SBGL 081700Z 12011KT 090V150 9999 SCT020 BKN035 25/20 Q1014",SBGL,2026-10-08T17:00:00.000Z,-22.8150,-43.2610,25,20,120,11,,6+,29.94,,,,,,,,,,,SCT,2000,BKN,3500,,,,,VFR,,,,,,,,,,,,METAR,3
"METAR BIIS 081700Z 24005KT 210V280 9999 -RA FEW020 OVC025 04/02 Q0991",BIIS,2026-10-08T17:00:00.000Z,66.0560,-23.1430,4,2,240,5,,6+,29.26,,,,,,,,,,-RA,FEW,2000,OVC,2500,,,,,MVFR,,,,,,,,,,,,METAR,3
"METAR SBLO 081700Z 02006KT 9999 FEW020 32/19 Q1014",SBLO,2026-10-08T17:00:00.000Z,-23.3340,-51.1300,32,19,20,6,,6+,29.94,,,,,,,,,,,FEW,2000,,,,,,,VFR,,,,,,,,,,,,METAR,563
"METAR OYRN 081700Z 04003KT CAVOK 28/24 Q1014",OYRN,2026-10-08T17:00:00.000Z,14.6630,49.3750,28,24,40,3,,6+,29.94,,,,,,,,,,,,,,,,,,,VFR,,,,,,,,,,,,METAR,17
"METAR MPDA 081700Z 22008KT 9999 SCT017 32/25 Q1010 TEMPO SCT018TCU",MPDA,2026-10-08T17:00:00.000Z,8.3910,-82.4340,32,25,220,8,,6+,29.82,,,,,,,,,,,SCT,1700,,,,,,,VFR,,,,,,,,,,,,METAR,15
"METAR SBCP 081700Z 08010KT 9999 BKN020 29/23 Q1014",SBCP,2026-10-08T17:00:00.000Z,-21.7010,-41.3050,29,23,80,10,,6+,29.94,,,,,,,,,,,BKN,2000,,,,,,,MVFR,,,,,,,,,,,,METAR,15
"METAR HECA 081700Z 36015KT 6000 FEW025 25/15 Q1019 NOSIG",HECA,2026-10-08T17:00:00.000Z,30.1330,31.4050,25,15,360,15,,3.73,30.09,,,,,,TRUE,,,,,FEW,2500,,,,,,,MVFR,,,,,,,,,,,,METAR,142
"METAR SBBG 081700Z 28006KT CAVOK 24/18 Q1010",SBBG,2026-10-08T17:00:00.000Z,-31.3910,-54.1120,24,18,280,6,,6+,29.82,,,,,,,,,,,,,,,,,,,VFR,,,,,,,,,,,,METAR,182
"METAR MBPV 081700Z 11008KT 9999 SCT016 32/24 Q1012",MBPV,2026-10-08T17:00:00.000Z,21.7720,-72.2650,32,24,110,8,,6+,29.88,,,,,,,,,,,SCT,1600,,,,,,,VFR,,,,,,,,,,,,METAR,7
"METAR SBTE 081700Z VRB09KT 9999 SCT030 39/13 Q1008",SBTE,2026-10-08T17:00:00.000Z,-5.0600,-42.8240,39,13,0,9,,6+,29.76,,,,,,,,,,,SCT,3000,,,,,,,VFR,,,,,,,,,,,,METAR,60
"METAR NFNA 081700Z 08007KT 9999 FEW018 23/21 Q1017",NFNA,2026-10-08T17:00:00.000Z,-18.0430,178.5590,23,21,80,7,,6+,30.03,,,,,,,,,,,FEW,1800,,,,,,,VFR,,,,,,,,,,,,METAR,6
"METAR SBFI 081700Z 01015G25KT 9999 VCSH SCT030 FEW035TCU SCT080 32/22 Q1008",SBFI,2026-10-08T17:00:00.000Z,-25.5950,-54.4880,32,22,10,15,25,6+,29.76,,,,,,,,,,VCSH,SCT,3000,FEW,3500,SCT,8000,,,VFR,,,,,,,,,,,,METAR,233
"METAR KSEM 081700Z AUTO 11007KT 10SM CLR 27/15 A3003 RMK AO2",KSEM,2026-10-08T17:00:00.000Z,32.3367,-86.9836,27,15,110,7,,10+,30.03,,,TRUE,TRUE,,,,,,,,,,,,,,,VFR,,,,,,,,,,,,METAR,48
"METAR SBCJ 081700Z VRB02KT 9999 SCT021 28/22 Q1014",SBCJ,2026-10-08T17:00:00.000Z,-6.1180,-50.0040,28,22,0,2,,6+,29.94,,,,,,,,,,,SCT,2100,,,,,,,VFR,,,,,,,,,,,,METAR,634
"METAR SCEL 081700Z 21009KT 180V240 9999 -SHRA SCT030 BKN050 16/11 Q1016 NOSIG",SCEL,2026-10-08T17:00:00.000Z,-33.3930,-70.7860,16,11,210,9,,6+,30.00,,,,,,TRUE,,,,-SHRA,SCT,3000,BKN,5000,,,,,VFR,,,,,,,,,,,,METAR,478
"METAR VNKT 081700Z 08003KT 6000 FEW010 SCT030 BKN100 17/15 Q1022 NOSIG",VNKT,2026-10-08T17:00:00.000Z,27.6970,85.3590,17,15,80,3,,3.73,30.18,,,,,,TRUE,,,,,FEW,1000,SCT,3000,BKN,10000,,,MVFR,,,,,,,,,,,,METAR,1334
"METAR SBMQ 081700Z 07013KT 9999 SCT027 33/24 Q1011",SBMQ,2026-10-08T17:00:00.000Z,0.0510,-51.0720,33,24,70,13,,6+,29.85,,,,,,,,,,,SCT,2700,,,,,,,VFR,,,,,,,,,,,,METAR,15
"METAR KDSF 081700Z AUTO 04029KT 1 1/2SM BR 26/25 A2982 RMK A01 P0003 VIS 1V3",KDSF,2026-10-08T17:00:00.000Z,28.3426,-88.2649,26,25,40,29,,1.5,29.82,,,TRUE,TRUE,,,,,,BR,,,,,,,,,IFR,,,,,,0.03,,,,,,METAR,40
"METAR SCBA 081700Z 10008KT 9999 BKN038 12/03 Q1022",SCBA,2026-10-08T17:00:00.000Z,-45.9130,-71.6940,12,3,100,8,,6+,30.18,,,,,,,,,,,BKN,3800,,,,,,,VFR,,,,,,,,,,,,METAR,516
"METAR SESM 081700Z 05005KT 9999 -RA BKN016 BKN300 21/19 Q1019 RMK A3009",SESM,2026-10-08T17:00:00.000Z,-1.5050,-78.0630,21,19,50,5,,6+,30.09,,,,,,,,,,-RA,BKN,1600,BKN,30000,,,,,MVFR,,,,,,,,,,,,METAR,1056
"METAR SCCI 081700Z 13008KT CAVOK 09/02 Q1024 NOSIG",SCCI,2026-10-08T17:00:00.000Z,-53.0030,-70.8550,9,2,130,8,,6+,30.24,,,,,,TRUE,,,,,,,,,,,,,VFR,,,,,,,,,,,,METAR,37
"METAR SBRB 081700Z 02008KT 9999 FEW040 35/24 Q1011",SBRB,2026-10-08T17:00:00.000Z,-9.8670,-67.8970,35,24,20,8,,6+,29.85,,,,,,,,,,,FEW,4000,,,,,,,VFR,,,,,,,,,,,,METAR,190
"METAR ORSJ 081700Z 29004KT CAVOK 19/13 Q1023",ORSJ,2026-10-08T17:00:00.000Z,35.5605,45.3151,19,13,290,4,,6+,30.21,,,,,,,,,,,,,,,,,,,VFR,,,,,,,,,,,,METAR,760
"METAR FNBJ 081700Z 24015KT 9999 4000 NSC 24/20 Q1012 NOSIG",FNBJ,2026-10-08T17:00:00.000Z,-9.0470,13.5070,24,20,240,15,,6+,29.88,,,,,,TRUE,,,,,,,,,,,,,VFR,,,,,,,,,,,,METAR,159
"METAR SBVT 081700Z 07010KT CAVOK 29/22 Q1014",SBVT,2026-10-08T17:00:00.000Z,-20.2580,-40.2860,29,22,70,10,,6+,29.94,,,,,,,,,,,,,,,,,,,VFR,,,,,,,,,,,,METAR,4
"METAR MHTE 081700Z 02004KT 9999 FEW024 33/27 Q1010 A2983",MHTE,2026-10-08T17:00:00.000Z,15.7760,-87.4730,33,27,20,4,,6+,29.82,,,,,,,,,,,FEW,2400,,,,,,,VFR,,,,,,,,,,,,METAR,7
"METAR SBTT 081700Z 31004KT 290V360 9999 FEW020 SCT025 BKN088 30/26 Q1012",SBTT,2026-10-08T17:00:00.000Z,-4.2540,-69.9390,30,26,310,4,,6+,29.88,,,,,,,,,,,FEW,2000,SCT,2500,BKN,8800,,,VFR,,,,,,,,,,,,METAR,79
"METAR MGMM 081700Z 24004KT 9999 FEW018 SCT200 31/25 Q1013 A2991",MGMM,2026-10-08T17:00:00.000Z,16.9140,-89.8660,31,25,240,4,,6+,29.91,,,,,,,,,,,FEW,1800,SCT,20000,,,,,VFR,,,,,,,,,,,,METAR,105
"METAR SBCY 081700Z 30012KT 9999 BKN020 38/22 Q1009",SBCY,2026-10-08T17:00:00.000Z,-15.6530,-56.1160,38,22,300,12,,6+,29.79,,,,,,,,,,,BKN,2000,,,,,,,MVFR,,,,,,,,,,,,METAR,182
"METAR SBBV 081700Z 13008KT 9999 SCT020 SCT090 37/18 Q1010",SBBV,2026-10-08T17:00:00.000Z,2.8460,-60.6900,37,18,130,8,,6+,29.82,,,,,,,,,,,SCT,2000,SCT,9000,,,,,VFR,,,,,,,,,,,,METAR,80
"METAR SBFZ 081700Z 10016KT 9999 FEW030 31/21 Q1011",SBFZ,2026-10-08T17:00:00.000Z,-3.7760,-38.5330,31,21,100,16,,6+,29.85,,,,,,,,,,,FEW,3000,,,,,,,VFR,,,,,,,,,,,,METAR,32
"METAR SBSL 081700Z 05015KT 9999 FEW040 32/23 Q1010",SBSL,2026-10-08T17:00:00.000Z,-2.5850,-44.2340,32,23,50,15,,6+,29.82,,,,,,,,,,,FEW,4000,,,,,,,VFR,,,,,,,,,,,,METAR,53
"METAR BIVM 081700Z 23014KT 2200 -SHRA BR OVC004 07/07 Q0988",BIVM,2026-10-08T17:00:00.000Z,63.4240,-20.2780,7,7,230,14,,1.37,29.17,,,,,,,,,,-SHRA BR,OVC,400,,,,,,,LIFR,,,,,,,,,,,,METAR,93
"METAR ORNI 081700Z 00000KT 6000 BKN040 32/15 Q1016",ORNI,2026-10-08T17:00:00.000Z,31.9900,44.4050,32,15,0,0,,3.73,30.00,,,,,,,,,,,BKN,4000,,,,,,,MVFR,,,,,,,,,,,,METAR,33
"METAR SBEG 081700Z 05010KT CAVOK 37/18 Q1010",SBEG,2026-10-08T17:00:00.000Z,-3.0390,-60.0500,37,18,50,10,,6+,29.82,,,,,,,,,,,,,,,,,,,VFR,,,,,,,,,,,,METAR,69
"METAR SBRF 081700Z 11012KT 9999 SCT025 29/23 Q1013",SBRF,2026-10-08T17:00:00.000Z,-8.1260,-34.9230,29,23,110,12,,6+,29.91,,,,,,,,,,,SCT,2500,,,,,,,VFR,,,,,,,,,,,,METAR,10
"METAR SBMO 081700Z 11015KT 9999 BKN026 30/22 Q1014",SBMO,2026-10-08T17:00:00.000Z,-9.5110,-35.7920,30,22,110,15,,6+,29.94,,,,,,,,,,,BKN,2600,,,,,,,MVFR,,,,,,,,,,,,METAR,116
"METAR SBBR 081700Z 06006G16KT 9999 FEW045 32/09 Q1018",SBBR,2026-10-08T17:00:00.000Z,-15.8670,-47.9330,32,9,60,6,16,6+,30.06,,,,,,,,,,,FEW,4500,,,,,,,VFR,,,,,,,,,,,,METAR,1051
"METAR SBBE 081700Z 34011KT 9999 SCT049 FEW053TCU 31/25 Q1011",SBBE,2026-10-08T17:00:00.000Z,-1.3790,-48.4760,31,25,340,11,,6+,29.85,,,,,,,,,,,SCT,4900,FEW,5300,,,,,VFR,,,,,,,,,,,,METAR,16
"METAR ORKK 081700Z 01008KT 8000 FEW030 29/09 Q1018",ORKK,2026-10-08T17:00:00.000Z,35.4690,44.3494,29,9,10,8,,4.97,30.06,,,,,,,,,,,FEW,3000,,,,,,,MVFR,,,,,,,,,,,,METAR,331
"METAR SBSG 081700Z 12014KT 070V160 9999 FEW040 31/20 Q1012",SBSG,2026-10-08T17:00:00.000Z,-5.7680,-35.3760,31,20,120,14,,6+,29.88,,,,,,,,,,,FEW,4000,,,,,,,VFR,,,,,,,,,,,,METAR,83
"METAR MPSM 081700Z 16008KT 130V190 9999 FEW030 30/24 Q1011",MPSM,2026-10-08T17:00:00.000Z,8.3860,-80.1310,30,24,160,8,,6+,29.85,,,,,,,,,,,FEW,3000,,,,,,,VFR,,,,,,,,,,,,METAR,36
"METAR MHCA 081700Z VRB02KT 9999 FEW026 30/23 Q1013 A2991",MHCA,2026-10-08T17:00:00.000Z,14.8750,-85.7750,30,23,0,2,,6+,29.91,,,,,,,,,,,FEW,2600,,,,,,,VFR,,,,,,,,,,,,METAR,386
"METAR SBPJ 081700Z 31009KT 9999 FEW040 38/15 Q1010",SBPJ,2026-10-08T17:00:00.000Z,-10.2910,-48.3570,38,15,310,9,,6+,29.82,,,,,,,,,,,FEW,4000,,,,,,,VFR,,,,,,,,,,,,METAR,226
"METAR SGAS 081700Z 11010KT 9999 - TSRA BKN027 FEW040CB BKN080 24/20 Q1006",SGAS,2026-10-08T17:00:00.000Z,-25.2480,-57.5190,24,20,110,10,,6+,29.70,,,,,,,,,,- TSRA,BKN,2700,FEW,4000,BKN,8000,,,MVFR,,,,,,,,,,,,METAR,83
"METAR TUPJ 081700Z 09010KT 10SM SCT021 31/25 A2996 RMK Q1014 VIS16KM",TUPJ,2026-10-08T17:00:00.000Z,18.4450,-64.5430,31,25,90,10,,10+,29.96,,,,,,,,,,,SCT,2100,,,,,,,VFR,,,,,,,,,,,,METAR,6
"METAR SGEN 081700Z 14006KT 9999 OVC010 20/19Q1011 RERA",SGEN,2026-10-08T17:00:00.000Z,-27.2210,-55.8340,,,140,6,,6+,29.85,,,,,,,,,,,OVC,1000,,,,,,,MVFR,,,,,,,,,,,,METAR,202
"METAR SULS 081700Z 28012KT 3000 -DZ BKN005 19/17 Q1007",SULS,2026-10-08T17:00:00.000Z,-34.8550,-55.0940,19,17,280,12,,1.86,29.73,,,,,,,,,,-DZ,BKN,500,,,,,,,IFR,,,,,,,,,,,,METAR,22
"METAR SMJP 081700Z 11009KT 9999 FEW035 36/19 Q1010",SMJP,2026-10-08T17:00:00.000Z,5.4530,-55.1880,36,19,110,9,,6+,29.82,,,,,,,,,,,FEW,3500,,,,,,,VFR,,,,,,,,,,,,METAR,14
"METAR SMZO 081700Z 14006KT 9999 FEW035 35/22 Q1011",SMZO,2026-10-08T17:00:00.000Z,5.8110,-55.1910,35,22,140,6,,6+,29.85,,,,,,,,,,,FEW,3500,,,,,,,VFR,,,,,,,,,,,,METAR,7
"METAR GLRB 081700Z 22008KT 9999 BKN018 FEW024CB 27/25 Q1011 NOSIG RMK CB/NE-SW",GLRB,2026-10-08T17:00:00.000Z,6.2340,-10.3620,27,25,220,8,,6+,29.85,,,,,,TRUE,,,,,BKN,1800,FEW,2400,,,,,MVFR,,,,,,,,,,,,METAR,12
"METAR MPPA 081700Z 17007KT 130V210 9999 FEW020TCU 31/25 Q1010",MPPA,2026-10-08T17:00:00.000Z,8.9090,-79.5970,31,25,170,7,,6+,29.82,,,,,,,,,,,FEW,2000,,,,,,,VFR,,,,,,,,,,,,METAR,1
"METAR SBCF 081700Z 28006KT 200V320 9999 SCT040 FEW045TCU 33/16 Q1017",SBCF,2026-10-08T17:00:00.000Z,-19.6350,-43.9660,33,16,280,6,,6+,30.03,,,,,,,,,,,SCT,4000,FEW,4500,,,,,VFR,,,,,,,,,,,,METAR,825
"METAR SBJP 081700Z 12013KT 090V150 9999 SCT030 30/22 Q1013",SBJP,2026-10-08T17:00:00.000Z,-7.1480,-34.9510,30,22,120,13,,6+,29.91,,,,,,,,,,,SCT,3000,,,,,,,VFR,,,,,,,,,,,,METAR,66
"METAR SVVA 081700Z /////KT 9999 FEW013CB BKN016 31/23 Q1014 RMK CB/SSW",SVVA,2026-10-08T17:00:00.000Z,10.1540,-67.9200,31,23,,,,6+,29.94,,,,,,,,,,,FEW,1300,BKN,1600,,,,,MVFR,,,,,,,,,,,,METAR,428
"METAR SVBL 081700Z 07006KT 9999 SCT016 32/23 Q1015",SVBL,2026-10-08T17:00:00.000Z,10.1834,-67.5573,32,23,70,6,,6+,29.97,,,,,,,,,,,SCT,1600,,,,,,,VFR,,,,,,,,,,,,METAR,442
"METAR SELT 081700Z 17005KT 9999 BKN030 BKN300 18/07 Q1030 RMK A3044",SELT,2026-10-08T17:00:00.000Z,-0.9210,-78.6190,18,7,170,5,,6+,30.41,,,,,,,,,,,BKN,3000,BKN,30000,,,,,MVFR,,,,,,,,,,,,METAR,2779
"METAR SBCT 081700Z 32008KT 280V360 9999 SCT040 28/18 Q1017",SBCT,2026-10-08T17:00:00.000Z,-25.5290,-49.1760,28,18,320,8,,6+,30.03,,,,,,,,,,,SCT,4000,,,,,,,VFR,,,,,,,,,,,,METAR,914
"METAR SBMA 081700Z 01006KT 9999 BKN030 32/22 Q1011",SBMA,2026-10-08T17:00:00.000Z,-5.3680,-49.1370,32,22,10,6,,6+,29.85,,,,,,,,,,,BKN,3000,,,,,,,MVFR,,,,,,,,,,,,METAR,110
"METAR SBPL 081700Z 09009KT CAVOK 39/14 Q1012",SBPL,2026-10-08T17:00:00.000Z,-9.3670,-40.5650,39,14,90,9,,6+,29.88,,,,,,,,,,,,,,,,,,,VFR,,,,,,,,,,,,METAR,386
"SPECI PANC 081700Z 00000KT 10SM FEW002 BKN030 OVC044 05/04 A3010 RMK AO2 T00500044",PANC,2026-10-08T17:00:00.000Z,61.1691,-150.0277,5,4.4,0,0,,10+,30.10,,,,TRUE,,,,,,,FEW,200,BKN,3000,OVC,4400,,,MVFR,,,,,,,,,,,,SPECI,39
"SPECI PAKW 081700Z AUTO VRB04KT 10SM SCT013 OVC023 12/09 A2984 RMK AO2 T01220089 TSNO PNO $",PAKW,2026-10-08T17:00:00.000Z,55.5820,-133.0750,12.2,8.9,0,4,,10+,29.84,,,TRUE,TRUE,TRUE,,TRUE,,,,SCT,1300,OVC,2300,,,,,MVFR,,,,,,,,,,,,SPECI,7
"SPECI KSFB 081700Z 05007KT 010V070 10SM SCT020 BKN036 OVC044 28/24 A2990 RMK AO2 T02780239",KSFB,2026-10-08T17:00:00.000Z,28.7795,-81.2435,27.8,23.9,50,7,,10+,29.90,,,,TRUE,,,,,,,SCT,2000,BKN,3600,OVC,4400,,,VFR,,,,,,,,,,,,SPECI,16
"SPECI PAJN 081700Z 00000KT 1/2SM R08/P6000FT BCFG BKN003 BKN006 BKN060 06/06 A2992 RMK AO2 SFC VIS 1 1/2 VIS W 1/2 NW-N 1/4 BCFG ALQDS T00610061 $",PAJN,2026-10-08T17:00:00.000Z,58.3540,-134.5561,6.1,6.1,0,0,,0.5,29.92,,,,TRUE,TRUE,,,,,BCFG,BKN,300,BKN,600,BKN,6000,,,LIFR,,,,,,,,,,,,SPECI,6
"METAR LFTW 081700Z AUTO 32012KT 9999 FEW046 15/08 Q1017 TEMPO 35015G25KT",LFTW,2026-10-08T17:00:00.000Z,43.7570,4.4160,15,8,320,12,,6+,30.03,,,TRUE,,,,,,,,FEW,4600,,,,,,,VFR,,,,,,,,,,,,METAR,91
"METAR LFTH 081700Z AUTO 27010KT 240V300 CAVOK 18/11 Q1011 NOSIG",LFTH,2026-10-08T17:00:00.000Z,43.0940,6.1460,18,11,270,10,,6+,29.85,,,TRUE,,,TRUE,,,,,,,,,,,,,VFR,,,,,,,,,,,,METAR,3
"METAR LFST 081700Z AUTO 30009KT CAVOK 14/09 Q1019 NOSIG",LFST,2026-10-08T17:00:00.000Z,48.5490,7.6400,14,9,300,9,,6+,30.09,,,TRUE,,,TRUE,,,,,,,,,,,,,VFR,,,,,,,,,,,,METAR,149
"METAR LFRG 081700Z AUTO 32005KT 280V340 9999 BKN035 BKN045 12/07 Q1024 NOSIG",LFRG,2026-10-08T17:00:00.000Z,49.3650,0.1540,12,7,320,5,,6+,30.24,,,TRUE,,,TRUE,,,,,BKN,3500,BKN,4500,,,,,VFR,,,,,,,,,,,,METAR,146
"METAR LFOT 081700Z AUTO 33004KT 300V360 CAVOK 14/05 Q1025 NOSIG",LFOT,2026-10-08T17:00:00.000Z,47.4440,0.7280,14,5,330,4,,6+,30.27,,,TRUE,,,TRUE,,,,,,,,,,,,,VFR,,,,,,,,,,,,METAR,107
"METAR LFMH 081700Z AUTO 33007KT 9999 FEW038 OVC056 11/07 Q1022",LFMH,2026-10-08T17:00:00.000Z,45.5330,4.2930,11,7,330,7,,6+,30.18,,,TRUE,,,,,,,,FEW,3800,OVC,5600,,,,,VFR,,,,,,,,,,,,METAR,400
"METAR LFMD 081700Z AUTO 23006KT 170V280 CAVOK 20/12 Q1008 NOSIG",LFMD,2026-10-08T17:00:00.000Z,43.5440,6.9530,20,12,230,6,,6+,29.76,,,TRUE,,,TRUE,,,,,,,,,,,,,VFR,,,,,,,,,,,,METAR,2
"METAR LFBE 081700Z AUTO 32005KT CAVOK 15/06 Q1025 NOSIG",LFBE,2026-10-08T17:00:00.000Z,44.8260,0.5160,15,6,320,5,,6+,30.27,,,TRUE,,,TRUE,,,,,,,,,,,,,VFR,,,,,,,,,,,,METAR,49
"METAR LFSB 081700Z AUTO 26010KT 9999 SCT042 OVC050 12/11 Q1019 TEMPO SCT020TCU",LFSB,2026-10-08T17:00:00.000Z,47.6140,7.5100,12,11,260,10,,6+,30.09,,,TRUE,,,,,,,,SCT,4200,OVC,5000,,,,,VFR,,,,,,,,,,,,METAR,262
"METAR LFPB 081700Z AUTO 30008KT 260V330 CAVOK 14/03 Q1023 NOSIG",LFPB,2026-10-08T17:00:00.000Z,48.9670,2.4280,14,3,300,8,,6+,30.21,,,TRUE,,,TRUE,,,,,,,,,,,,,VFR,,,,,,,,,,,,METAR,50
"METAR LFOK 081700Z AUTO 36008KT 9999 FEW035 SCT044 BKN054 12/08 Q1022 NOSIG",LFOK,2026-10-08T17:00:00.000Z,48.7770,4.1650,12,8,360,8,,6+,30.18,,,TRUE,,,TRUE,,,,,FEW,3500,SCT,4400,BKN,5400,,,VFR,,,,,,,,,,,,METAR,166
"METAR LFOB 081700Z AUTO 31012KT CAVOK 12/03 Q1023 NOSIG",LFOB,2026-10-08T17:00:00.000Z,49.4540,2.1130,12,3,310,12,,6+,30.21,,,TRUE,,,TRUE,,,,,,,,,,,,,VFR,,,,,,,,,,,,METAR,99
"METAR LFMU 081700Z AUTO 33017KT CAVOK 16/06 Q1020 NOSIG",LFMU,2026-10-08T17:00:00.000Z,43.3220,3.3530,16,6,330,17,,6+,30.12,,,TRUE,,,TRUE,,,,,,,,,,,,,VFR,,,,,,,,,,,,METAR,14
"METAR LFMT 081700Z AUTO 31015KT CAVOK 17/08 Q1018 NOSIG",LFMT,2026-10-08T17:00:00.000Z,43.5770,3.9630,17,8,310,15,,6+,30.06,,,TRUE,,,TRUE,,,,,,,,,,,,,VFR,,,,,,,,,,,,METAR,1
"METAR LFMK 081700Z AUTO 31016KT 9999 FEW076 15/06 Q1023 BECMG 28020G30KT",LFMK,2026-10-08T17:00:00.000Z,43.2140,2.3100,15,6,310,16,,6+,30.21,,,TRUE,,,,,,,,FEW,7600,,,,,,,VFR,,,,,,,,,,,,METAR,124
"METAR LFLY 081700Z AUTO 32010KT CAVOK 13/09 Q1021 TEMPO FEW025TCU BKN030",LFLY,2026-10-08T17:00:00.000Z,45.7260,4.9380,13,9,320,10,,6+,30.15,,,TRUE,,,,,,,,,,,,,,,,VFR,,,,,,,,,,,,METAR,197
"METAR LFSD 081700Z AUTO 32012KT 9999 FEW038 OVC068 14/06 Q1021",LFSD,2026-10-08T17:00:00.000Z,47.2690,5.0900,14,6,320,12,,6+,30.15,,,TRUE,,,,,,,,FEW,3800,OVC,6800,,,,,VFR,,,,,,,,,,,,METAR,218
"METAR LFPM 081700Z AUTO 33009KT CAVOK 14/05 Q1023",LFPM,2026-10-08T17:00:00.000Z,48.6110,2.6800,14,5,330,9,,6+,30.21,,,TRUE,,,,,,,,,,,,,,,,VFR,,,,,,,,,,,,METAR,91
"METAR LFLN 081700Z AUTO 33005KT CAVOK 12/06 Q1022 NOSIG",LFLN,2026-10-08T17:00:00.000Z,46.4120,4.0250,12,6,330,5,,6+,30.18,,,TRUE,,,TRUE,,,,,,,,,,,,,VFR,,,,,,,,,,,,METAR,238
"METAR LFHP 081700Z AUTO 33007KT 300V360 9999 FEW022 SCT028 BKN037 07/04 Q1022",LFHP,2026-10-08T17:00:00.000Z,45.0750,3.7640,7,4,330,7,,6+,30.18,,,TRUE,,,,,,,,FEW,2200,SCT,2800,BKN,3700,,,VFR,,,,,,,,,,,,METAR,829
"METAR LFPV 081700Z AUTO 33007KT 300V360 9999 FEW049 13/02 Q1023 TEMPO 31015G25KT",LFPV,2026-10-08T17:00:00.000Z,48.7700,2.2050,13,2,330,7,,6+,30.21,,,TRUE,,,,,,,,FEW,4900,,,,,,,VFR,,,,,,,,,,,,METAR,171
"METAR LFRB 081700Z AUTO 32005KT CAVOK 13/07 Q1027 NOSIG",LFRB,2026-10-08T17:00:00.000Z,48.4440,-4.4120,13,7,320,5,,6+,30.32,,,TRUE,,,TRUE,,,,,,,,,,,,,VFR,,,,,,,,,,,,METAR,91
"METAR LFQQ 081700Z AUTO 28010KT CAVOK 12/06 Q1021 BECMG 22005KT",LFQQ,2026-10-08T17:00:00.000Z,50.5620,3.0890,12,6,280,10,,6+,30.15,,,TRUE,,,,,,,,,,,,,,,,VFR,,,,,,,,,,,,METAR,43
"METAR LFPO 081700Z 32011KT CAVOK 14/03 Q1023 NOSIG",LFPO,2026-10-08T17:00:00.000Z,48.7170,2.3840,14,3,320,11,,6+,30.21,,,,,,TRUE,,,,,,,,,,,,,VFR,,,,,,,,,,,,METAR,88
"METAR LFPG 081700Z AUTO 33009KT 9999 FEW048 13/03 Q1023 NOSIG",LFPG,2026-10-08T17:00:00.000Z,49.0150,2.5340,13,3,330,9,,6+,30.21,,,TRUE,,,TRUE,,,,,FEW,4800,,,,,,,VFR,,,,,,,,,,,,METAR,107
"METAR LFMN 081700Z 25010KT 9999 FEW100 SCT250 20/14 Q1008 NOSIG",LFMN,2026-10-08T17:00:00.000Z,43.6580,7.2160,20,14,250,10,,6+,29.76,,,,,,TRUE,,,,,FEW,10000,SCT,25000,,,,,VFR,,,,,,,,,,,,METAR,4
"METAR LFLL 081700Z 33014KT 9999 FEW011 BKN065 12/09 Q1021 NOSIG",LFLL,2026-10-08T17:00:00.000Z,45.7260,5.0780,12,9,330,14,,6+,30.15,,,,,,TRUE,,,,,FEW,1100,BKN,6500,,,,,VFR,,,,,,,,,,,,METAR,234
"METAR LFBH 081700Z AUTO 34012KT CAVOK 16/06 Q1026 NOSIG",LFBH,2026-10-08T17:00:00.000Z,46.1780,-1.1930,16,6,340,12,,6+,30.30,,,TRUE,,,TRUE,,,,,,,,,,,,,VFR,,,,,,,,,,,,METAR,18
"METAR LFBD 081700Z AUTO 33006KT CAVOK 16/06 Q1026 TEMPO SCT040TCU",LFBD,2026-10-08T17:00:00.000Z,44.8310,-0.6910,16,6,330,6,,6+,30.30,,,TRUE,,,,,,,,,,,,,,,,VFR,,,,,,,,,,,,METAR,48
"METAR LFKC 081700Z AUTO 20010KT 9999 FEW033 SCT049 BKN090 20/16 Q1013 TEMPO SHRA SCT030TCU FEW035CB",LFKC,2026-10-08T17:00:00.000Z,42.5310,8.7930,20,16,200,10,,6+,29.91,,,TRUE,,,,,,,,FEW,3300,SCT,4900,BKN,9000,,,VFR,,,,,,,,,,,,METAR,38
"METAR LFJL 081700Z AUTO 30011KT CAVOK 12/07 Q1020 NOSIG",LFJL,2026-10-08T17:00:00.000Z,48.9820,6.2510,12,7,300,11,,6+,30.12,,,TRUE,,,TRUE,,,,,,,,,,,,,VFR,,,,,,,,,,,,METAR,259
"METAR LFCR 081700Z AUTO 32010KT 9999 SCT024 BKN070 09/06 Q1023 NOSIG",LFCR,2026-10-08T17:00:00.000Z,44.4100,2.4830,9,6,320,10,,6+,30.21,,,TRUE,,,TRUE,,,,,SCT,2400,BKN,7000,,,,,VFR,,,,,,,,,,,,METAR,576
"METAR EPZG 081700Z 28012G24KT 240V310 3600 SHRA BR SCT014CB BKN033 OVC041 14/13 Q1005",EPZG,2026-10-08T17:00:00.000Z,52.1370,15.7790,14,13,280,12,24,2.24,29.68,,,,,,,,,,SHRA BR,SCT,1400,BKN,3300,OVC,4100,,,IFR,,,,,,,,,,,,METAR,59
"METAR EPWR 081700Z 20006KT 9999 FEW025CB 18/13 